Id,cateId,picS,picB,name,describe,price,originPrice,author,brand,publishDate,isPChome,isNC17,couponActid,BU
DEABHV-A900B18XQ,DQCD3G,/items/DEABHVA900B18XQ/000001_1648015117.jpg,/items/DEABHVA900B18XQ/000001_1648015117.jpg,《HOPMA》工業風四門十層鞋櫃-漂流木,"《HOPMA》工業風四門十層鞋櫃 台灣製造 玄關櫃 收納櫃 置物邊櫃 鞋架-淺橡(漂流)木\r\ndiy家具
磁扣開合設計
層板半圓孔溝槽固定不滑動
防撞墊片貼心設計
透氣孔設計鞋櫃不悶臭",1350,1350,,,,1,0,"['C047093', 'C047229', 'C047092', 'C047228', 'C047090', 'C047091', 'C047169']",ec
DQCD0C-A900GJNHK,DQCD0C,/items/DQCD0CA900GJNHK/000001_1709196971.jpg,/items/DQCD0CA900GJNHK/000001_1709196971.jpg,鞋櫃 收納鞋架 鞋架 鞋盒 木質十層鞋架  儲物 玄關 多功能 置物 收納架,鞋櫃 收納鞋架 鞋架 鞋盒 木質十層鞋架 八層鞋架 儲物 玄關 多功能 置物 收納架\r\n,1684,1684,,,,1,0,"['C044306', 'C044307', 'C044308', 'C047093', 'C047229', 'C047092', 'C047228', 'C047090', 'C047091', 'C044314', 'C044534', 'C044305', 'C047244', 'C047169', 'C047242', 'C047246', 'C047167', 'C047162', 'C047243', 'C047168']",ec
DQCD00-A900GETJD,DQCD00,/items/DQCD00A900GETJD/000001_1686710964.jpg,/items/DQCD00A900GETJD/000001_1686710964.jpg,百崴收納 26cm寬八層鞋櫃收納櫃-白色,"百崴收納 26cm寬八層鞋櫃收納櫃-白色\r\n窄長設計，適合玄關區域使用
有效的收納空間和分隔設計
簡約且現代化的設計風格",1199,1199,,,,1,0,"['C047093', 'C047229', 'C047092', 'C047228', 'C047090', 'C047091', 'C047244', 'C047169', 'C047242', 'C047246', 'C047167', 'C047162', 'C047243', 'C047168']",ec
DEABJA-A900AXATM,DQCD3E,/items/DEABJAA900AXATM/000001_1680745694.jpg,/items/DEABJAA900AXATM/000001_1680745694.jpg,TZUMii雙門十層鞋櫃-白色,"TZUMii雙門十層鞋櫃-白色\r\n●大容量10層可收納
●半開放式結合使用更便利
●結構穩固不易搖晃

★其他規格選擇★►胡桃木色►白色►淺橡木色",1249,1249,,,,1,0,[],ec
DEABHV-A900G037B,DQCD3G,/items/DEABHVA900G037B/000001_1675992766.jpg,/items/DEABHVA900G037B/000001_1675992766.jpg,《HOPMA》和風雙門五層鞋櫃 玄關櫃 收納櫃 置物櫃 鞋架 二門 大容量,"《HOPMA》和風雙門五層鞋櫃 台灣製造 玄關櫃 收納櫃 置物櫃 鞋架 二門 大容量\r\n◆產品特色
。mit台灣製造
。diy自行組裝 
。大空間收納
。活動式層板設計",910,910,,,,1,0,[],ec
DEABHV-A900G0382,DQCD3G,/items/DEABHVA900G0382/000001_1675992850.jpg,/items/DEABHVA900G0382/000001_1675992850.jpg,《HOPMA》和風多變雙門五層鞋櫃 玄關櫃 收納櫃 置物櫃 鞋架 二門 大容量,"《HOPMA》和風多變雙門五層鞋櫃 台灣製造 玄關櫃 收納櫃 置物櫃 鞋架 二門 大容量\r\n◆產品特色
。mit台灣製造
。diy自行組裝 
。大空間收納
。活動式層板設計",1023,1023,,,,1,0,[],ec
DEABJA-A900AXDER,DQCD3E,/items/DEABJAA900AXDER/000001_1701914610.jpg,/items/DEABJAA900AXDER/000001_1701914610.jpg,TZUMii雙門十層鞋櫃-淺橡木色,"TZUMii雙門十層鞋櫃-淺橡木色\r\n●大容量10層可收納
●半開放式結合使用更便利
●結構穩固不易搖晃

★其他規格選擇★►胡桃木色►白色►淺橡木色",1249,1249,,,,1,0,[],ec
DEABHV-A900C7DA1,DQCD3G,/items/DEABHVA900C7DA1/000001_1640663364.jpg,/items/DEABHVA900C7DA1/000001_1640663364.jpg,《HOPMA》復刻經典六層鞋櫃/收納櫃/置物櫃/玄關櫃,"《HOPMA》復刻經典七層鞋櫃 台灣製造 玄關櫃 開放收納櫃 置物邊櫃 鞋架\r\n。mit台灣製造
。diy自行組裝 
。可調式活動層板
。30.5cm內深好收納
。導圓角貼心安全設計",1162,1162,,,,1,0,[],ec
DEABHV-A900G0AP9,DQCD3G,/items/DEABHVA900G0AP9/000001_1692583579.jpg,/items/DEABHVA900G0AP9/000001_1692583579.jpg,《HOPMA》大容量二門一抽鞋櫃 玄關櫃 收納櫃 置物邊櫃 鞋架-拼版柚木,"《HOPMA》大容量二門一抽鞋櫃 台灣製造 玄關櫃 收納櫃 置物邊櫃 鞋架-拼版柚木\r\n★mit台灣製造
★diy自行組裝
★霧黑金屬質感把手
★抽屜防落安全卡榫
★磁扣開合設計",1624,1624,,,,1,0,"{'1': 'C044306', '2': 'C044307', '3': 'C044308', '4': 'C044314', '5': 'C044534', '6': 'C044305'}",ec
DEABJA-A900F77O3,DQCD3E,/items/DEABJAA900F77O3/000001_1655704780.jpg,/items/DEABJAA900F77O3/000001_1655704780.jpg,TZUMii佐藤雙門鞋櫃,"TZUMii佐藤雙門鞋櫃\r\n●居家必備款
●活動板自由調整高度
●奶茶色門把，質感提升
●大容量收納空間",849,849,,,,1,0,[],ec
DEABHV-A900EN7M6,DQCD3G,/items/DEABHVA900EN7M6/000001_1646201901.jpg,/items/DEABHVA900EN7M6/000001_1646201901.jpg,《HOPMA》經典雙色四門大容量鞋櫃/收納櫃/置物櫃/玄關櫃,"《HOPMA》經典雙色四門大容量鞋櫃 台灣製造 玄關櫃 開放收納櫃 置物邊櫃\r\n。mit台灣製造。diy自行組裝 
。可調式活動層板。透氣孔設計
。前後踢腳板更穩固",2086,2086,,,,1,0,"{'1': 'C044306', '2': 'C044302', '3': 'C044304', '4': 'C044307', '5': 'C044308', '6': 'C044303', '7': 'C044301', '8': 'C044314', '9': 'C044532', '10': 'C044313', '11': 'C044534', '12': 'C044305'}",ec
DEABHV-A900G3Z8K,DQCD3G,/items/DEABHVA900G3Z8K/000001_1685066795.jpg,/items/DEABHVA900G3Z8K/000001_1685066795.jpg,《HOPMA》樂活開放式十層鞋櫃 玄關櫃 開放收納櫃 置物邊櫃 鞋架-拼版柚木,"《HOPMA》樂活開放式十層鞋櫃 台灣製造 玄關櫃 開放收納櫃 置物邊櫃 鞋架-拼版柚木\r\n。mit台灣製 
。diy自行組裝 
。六片活動層板，可依需求調整高度

◤拼版柚木",1374,1374,,,,1,0,[],ec
DQCD0C-A900GRJ23,DQCD0C,/items/DQCD0CA900GRJ23/000001_1698204263.jpg,/items/DQCD0CA900GRJ23/000001_1698204263.jpg,百崴收納 26cm寬八層鞋櫃收納櫃-雙色可選,百崴收納 26cm寬八層鞋櫃收納櫃-雙色可選\r\n,1199,1199,,,,1,0,"['C047093', 'C047229', 'C047092', 'C047228', 'C047090', 'C047091', 'C047244', 'C047169', 'C047242', 'C047246', 'C047167', 'C047162', 'C047243', 'C047168']",ec
DEDB8P-A900FTKLP,DQCD04,/items/DEDB8PA900FTKLP/000001_1670319114.jpg,/items/DEDB8PA900FTKLP/000001_1670319114.jpg,【慢慢家居】簡約北歐風大容量六層滑門收納鞋櫃 (收納櫃 鞋櫃 移門鞋櫃),"【慢慢家居】簡約北歐風大容量六層滑門收納鞋櫃 (收納櫃 鞋櫃 移門鞋櫃)\r\n順暢滑門開合 層板靈活可調

※順暢滑門設計 開合省空間
※可調節層板 靈活放置
※複合背板結構 穩固耐用
※底部開放儲物 輕鬆換鞋無壓力
※寬敞大臺面 進出隨手置物
※實木把手 圓形木櫸腿",2500,2500,,,,1,0,"{'1': 'C044306', '2': 'C044302', '3': 'C044304', '4': 'C044307', '5': 'C044308', '6': 'C044303', '7': 'C044301', '8': 'C044314', '9': 'C044532', '10': 'C044313', '11': 'C044534', '12': 'C044305'}",ec
DEABHV-A90094ACD,DQCD3G,/items/DEABHVA90094ACD/000001_1701139849.jpg,/items/DEABHVA90094ACD/000001_1701139849.jpg,《HOPMA》工業風四門十層鞋櫃-淺橡木,"《HOPMA》工業風四門十層鞋櫃 台灣製造 玄關櫃 開放收納櫃 置物邊櫃 鞋架-淺橡(漂流)木\r\n★mit台灣製造
★diy自行組裝
★大容量收納機能鞋櫃
★門板伸縮轉軸輕鬆組裝
★活動層板擺放不設限

◤漂流木色
◤拼版柚木",1610,1610,,,,1,0,"{'1': 'C044306', '2': 'C044307', '3': 'C044308', '4': 'C044314', '5': 'C044534', '6': 'C044305'}",ec
DEABHV-A900FXU39,DQCD3G,/items/DEABHVA900FXU39/000001_1673839057.jpg,/items/DEABHVA900FXU39/000001_1673839057.jpg,《HOPMA》日式雙門四層鞋櫃 玄關櫃 收納櫃 置物邊櫃 鞋架-淺橡木(漂流木),"《HOPMA》日式雙門四層鞋櫃 台灣製造 玄關櫃 收納櫃 置物邊櫃 鞋架-淺橡(漂流)木\r\nmit台灣製造 diy傢具
金屬質感把手
磁扣開合設計
層板半圓孔溝槽固定不滑動
附腳粒保護地板被刮傷",1063,1063,,,,1,0,[],ec
DQCD3G-A900G9OW5,DQCD3G,/items/DQCD3GA900G9OW5/000001_1705559938.jpg,/items/DQCD3GA900G9OW5/000001_1705559938.jpg,《HOPMA》樂活四門五層鞋櫃 玄關櫃 開放收納櫃 置物邊櫃 鞋架-淺橡(漂流)木,"《HOPMA》樂活四門五層鞋櫃 台灣製造 玄關櫃 收納櫃 置物邊櫃 鞋架-淺橡(漂流)木\r\n。mit台灣製 
。diy自行組裝 
。活動板設計方便依鞋子調整高度 

◤淺橡木
◤拼版柚木",1601,1601,,,,1,0,"{'1': 'C044306', '2': 'C044307', '3': 'C044308', '4': 'C044314', '5': 'C044534', '6': 'C044305'}",ec
DEDB8Z-A900FHIK4,DQCD0C,/items/DEDB8ZA900FHIK4/000001_1663125217.jpg,/items/DEDB8ZA900FHIK4/000001_1663125217.jpg,【AccessCo】典雅六層寬版置鞋櫃_BF-SU981,"【AccessCo】典雅六層寬版置鞋櫃_BF-SU981\r\n◆多功能置物鞋櫃，適合小家庭擺放
◆用途廣泛，也可當電話桌使用
◆開放性空間設計，收取輕鬆便利",1699,1699,,,,1,0,"['C044306', 'C044307', 'C044308', 'C047093', 'C047229', 'C047092', 'C047228', 'C047090', 'C047091', 'C044314', 'C044534', 'C044305', 'C047244', 'C047169', 'C047242', 'C047246', 'C047167', 'C047162', 'C047243', 'C047168']",ec
DEDB8Z-A900FHIEC,DQCD0C,/items/DEDB8ZA900FHIEC/000001_1663124333.jpg,/items/DEDB8ZA900FHIEC/000001_1663124333.jpg,【AccessCo】典雅七層鞋櫃_BF-SU980,"【AccessCo】典雅七層鞋櫃_BF-SU980\r\n◆多功能置物鞋櫃，適合小家庭擺放
◆用途廣泛，也可當電話桌使用
◆開放性空間設計，收取輕鬆便利",1199,1199,,,,1,0,"['C047093', 'C047229', 'C047092', 'C047228', 'C047090', 'C047091', 'C047244', 'C047169', 'C047242', 'C047246', 'C047167', 'C047162', 'C047243', 'C047168']",ec
DQCD04-A900GBYGX,DQCD04,/items/DQCD04A900GBYGX/000001_1684230666.jpg,/items/DQCD04A900GBYGX/000001_1684230666.jpg,【HappyLife】楠竹翻斗鞋櫃/三門70cm (Y11227),"【HappyLife】楠竹翻斗鞋櫃/三門70cm (Y11227)\r\n佔地面積小
附防倒器可上牆
加高15cm櫃腳
翻門好收納",2490,2490,,,,1,0,"['C044306', 'C044302', 'C044304', 'C044307', 'C044308', 'C044303', 'C047093', 'C047229', 'C047092', 'C047228', 'C047090', 'C047091', 'C044301', 'C044314', 'C044532', 'C044313', 'C044534', 'C044305', 'C047169', 'C047167', 'C047162', 'C047168']",ec
DQCD04-A900GE7VC,DQCD04,/items/DQCD04A900GE7VC/000001_1686110195.jpg,/items/DQCD04A900GE7VC/000001_1686110195.jpg,【HappyLife】楠竹茶色翻門鞋櫃/三層70cm (Y11236),"【HappyLife】楠竹茶色翻門鞋櫃/三層70cm (Y11236)\r\n長虹壓克力門
多層大容量
翻門設計
層板可拆卸",1088,1088,,,,1,0,"['C047093', 'C047229', 'C047092', 'C047228', 'C047090', 'C047091', 'C047169', 'C047167', 'C047162', 'C047168']",ec
DQCD3G-A900G9POD,DQCD3G,/items/DQCD3GA900G9POD/000001_1682571662.jpg,/items/DQCD3GA900G9POD/000001_1682571662.jpg,《HOPMA》百搭風格多功能穿鞋椅 收納櫃 置物櫃 鞋櫃 邊櫃 玄關櫃 鞋架-拼版柚木,"《HOPMA》百搭風格多功能穿鞋椅 台灣製造 收納櫃 置物櫃 鞋櫃 邊櫃 玄關櫃 鞋架-拼版柚木\r\n◆產品特色
。mit台灣製造
。diy自行組裝 
。面板一體成型
。鐵架材質",1374,1374,,,,1,0,[],ec
DQCD04-A900GE7VF,DQCD04,/items/DQCD04A900GE7VF/000001_1686110216.jpg,/items/DQCD04A900GE7VF/000001_1686110216.jpg,【HappyLife】楠竹茶色翻門鞋櫃/七層70cm (Y11238),"【HappyLife】楠竹茶色翻門鞋櫃/七層70cm (Y11238)\r\n長虹壓克力門
多層大容量
翻門設計
層板可拆卸",2599,2599,,,,1,0,"['C044306', 'C044302', 'C044304', 'C044307', 'C044308', 'C044303', 'C047093', 'C047229', 'C047092', 'C047228', 'C047090', 'C047091', 'C044301', 'C044314', 'C044532', 'C044313', 'C044534', 'C044305', 'C047169', 'C047167', 'C047162', 'C047168']",ec
DQCD0C-A900GRJ28,DQCD0C,/items/DQCD0CA900GRJ28/000001_1698203700.jpg,/items/DQCD0CA900GRJ28/000001_1698203700.jpg,百崴收納 42cm寬八層鞋櫃收納櫃-雙色可選,百崴收納 42cm寬八層鞋櫃收納櫃-雙色可選\r\n,1499,1499,,,,1,0,"['C047093', 'C047229', 'C047092', 'C047228', 'C047090', 'C047091', 'C047244', 'C047169', 'C047242', 'C047246', 'C047167', 'C047162', 'C047243', 'C047168']",ec
DEDB8Z-A900BUMII,DQCD0C,/items/DEDB8ZA900BUMII/000001_1633577522.jpg,/items/DEDB8ZA900BUMII/000001_1633577522.jpg,楠竹系列-四層收納鞋架/開放式鞋櫃,"【Style】楠竹製-簡約四層收納鞋架/開放式鞋櫃/鞋架\r\n●今日下單 明日出貨●
★四層設計 大容量
★精選楠竹材質 高承重
★加厚層板 加粗立柱",1380,1380,,,,1,0,"['C047093', 'C047229', 'C047092', 'C047228', 'C047090', 'C047091', 'C047169', 'C047167', 'C047162', 'C047168']",ec
QFAA20-A9007J3UO,DQCD0C,/items/QFAA20A9007J3UO/000001_1478550365.jpg,/items/QFAA20A9007J3UO/000001_1478550365.jpg,SH027 凱斯達七層鞋櫃60*30*高120(CM),"LOGIS．凱斯達七層鞋櫃60*30*高120(CM)  衣櫃 置物櫃 書櫃 收納櫃(SH027)\r\n搭配門板更美化
兩色可選
活動層板+固定層板
diy組裝",1980,1980,,,,1,0,"['C044306', 'C044307', 'C044308', 'C047093', 'C047229', 'C047092', 'C047228', 'C047090', 'C047091', 'C044314', 'C044534', 'C044305', 'C047169', 'C047167', 'C047162', 'C047168']",ec
DEAB4Q-A900AWG9K,DQCD00,/items/DEAB4QA900AWG9K/000001_1601365214.jpg,/items/DEAB4QA900AWG9K/000001_1601365214.jpg,【fioJa 費歐家】 側開式 1列9層 組合鞋櫃 鞋架(鞋櫃 組合鞋櫃 ),"【fioJa 費歐家】 側開式 1列9層 組合鞋櫃\r\n讓您的鞋子有舒適空間!井然有序的排排站
鞋櫃可調整隔板，自由彈性運用~
收納各尺寸大鞋、小鞋更方便~

組裝容易 美觀大方
透明門板 一覽無遺",898,898,,,,1,0,"['C047093', 'C047229', 'C047092', 'C047228', 'C047090', 'C047091', 'C047169', 'C047167', 'C047162', 'C047168']",ec
DEAB4Q-A900AWNIE,DQCD03,/items/DEAB4QA900AWNIE/000001_1661948488.jpg,/items/DEAB4QA900AWNIE/000001_1661948488.jpg,【fioJa 費歐家】 側開式 3列6層 組合鞋櫃 鞋架(鞋櫃 組合鞋櫃 ),"【fioJa 費歐家】 側開式 3列6層 組合鞋櫃\r\n讓您的鞋子有舒適空間!井然有序的排排站
鞋櫃可調整隔板，自由彈性運用~
收納各尺寸大鞋、小鞋更方便~

大容量多層組合收納鞋櫃，告別到處找鞋，
隔板可自由調整，短靴、長靴皆可輕鬆放置！
拆裝方便。擁有超大容量，完美收納你的愛鞋們！
堅固耐用，品質保證，買就附贈雨傘架喔！",1390,1390,,,,1,0,"['C047093', 'C047229', 'C047092', 'C047228', 'C047090', 'C047091', 'C047244', 'C047169', 'C047242', 'C047246', 'C047167', 'C047162', 'C047243', 'C047168']",ec
DQCD01-A900GSBL4,DQCD01,/items/DQCD01A900GSBL4/000001_1698716630.jpg,/items/DQCD01A900GSBL4/000001_1698716630.jpg,【RICHOME】免組裝布簾鞋櫃,"【RICHOME】免組裝布簾鞋櫃/開放式/附布套/可折疊\r\n✓ 純白鐵管現代設計
✓ 韓系奶茶風格
✓ 耐重40kg
✓ 環保板材低甲醛、防潑水耐刮",999,999,,,,1,0,"['C047093', 'C047229', 'C047092', 'C047228', 'C047090', 'C047091', 'C047169', 'C047167', 'C047168']",ec
QFAAM0-A900A6RTS,DQCD3G,/items/QFAAM0A900A6RTS/000001_1685520983.jpg,/items/QFAAM0A900A6RTS/000001_1685520983.jpg,《Hopma》現代雙門六層鞋櫃,"《HOPMA》現代雙門六層鞋櫃 台灣製造 玄關櫃 開放收納櫃 置物邊櫃\r\n。mit台灣製 
。diy自行組裝 
。磁扣開合設計
。層板半圓孔溝槽固定不滑動
。附腳粒保護地板被刮傷
。透氣孔設計",1212,1212,,,,1,0,[],ec
DEABHV-A900G3ZBU,DQCD3G,/items/DEABHVA900G3ZBU/000001_1678070869.jpg,/items/DEABHVA900G3ZBU/000001_1678070869.jpg,《HOPMA》設計款二門五層鞋櫃 玄關櫃 收納櫃 置物櫃 鞋架 雙門 大容量-淺橡(漂流)木,"《HOPMA》設計款二門五層鞋櫃 台灣製造 玄關櫃 收納櫃 置物櫃 鞋架 雙門 大容量-淺橡(漂流)木\r\n◆產品特色
。mit台灣製造
。diy自行組裝 
。大空間收納
。活動式層板設計",1100,1100,,,,1,0,[],ec
DEABHV-A900FXU69,DQCD3G,/items/DEABHVA900FXU69/000001_1673839826.jpg,/items/DEABHVA900FXU69/000001_1673839826.jpg,《HOPMA》合馬雙門鞋櫃 玄關櫃 收納櫃 置物邊櫃 鞋架-白橡配白,"《HOPMA》合馬雙門鞋櫃 台灣製造 玄關櫃 收納櫃 置物邊櫃 鞋架-白橡配白\r\n金屬質感把手
磁扣開合設計
層板半圓孔溝槽固定不滑動
附腳粒保護地板被刮傷
防撞墊片貼心設計",1161,1161,,,,1,0,[],ec
DEDB8Z-A900G0FVW,DQCD0C,/items/DEDB8ZA900G0FVW/000001_1676283405.jpg,/items/DEDB8ZA900G0FVW/000001_1676283405.jpg,實木鞋櫃,實木鞋櫃\r\n,2624,2624,,,,1,0,"['C044306', 'C044302', 'C044304', 'C044307', 'C044308', 'C044303', 'C047093', 'C047229', 'C047092', 'C047228', 'C047090', 'C047091', 'C044301', 'C044314', 'C044532', 'C044313', 'C044534', 'C044305', 'C047169', 'C047167', 'C047162', 'C047168']",ec
QFAA8D-A9008XPLR,DQCD3G,/items/QFAA8DA9008XPLR/000001_1564121225.jpg,/items/QFAA8DA9008XPLR/000001_1564121225.jpg,《HOPMA》加寬開放式五層鞋櫃,"《HOPMA》加寬開放式五層鞋櫃 台灣製造 玄關櫃 開放收納櫃 置物邊櫃\r\n。mit台灣製造
。diy商品
。歐盟等級e1塑合板
。可放28雙鞋
。簍空設計達到通風透氣效果",874,874,,,,1,0,[],ec
DEABHV-A900F8BAH,DQCD3G,/items/DEABHVA900F8BAH/000001_1704333799.jpg,/items/DEABHVA900F8BAH/000001_1704333799.jpg,《HOPMA》大容量二門一抽鞋櫃-漂流木,"《HOPMA》大容量二門一抽鞋櫃 台灣製造 玄關櫃 收納櫃 置物邊櫃 鞋架-淺橡(漂流)木\r\n★mit台灣製造
★diy自行組裝
★霧黑金屬質感把手
★抽屜防落安全卡榫
★磁扣開合設計",1624,1624,,,,1,0,"{'1': 'C044306', '2': 'C044307', '3': 'C044308', '4': 'C044314', '5': 'C044534', '6': 'C044305'}",ec
DQAV71-A900G4R9K,DQCD3E,/items/DQAV71A900G4R9K/000001_1678766150.jpg,/items/DQAV71A900G4R9K/000001_1678766150.jpg,TZUMii四門二格鞋櫃-雙色可選,"TZUMii四門二格鞋櫃-雙色可選\r\n●四門+開放空間收納更便利
●輕巧但具多層大容量收納
●活動板可依需求調整高度
●門把設計好開關",1249,1249,,,,1,0,[],ec
DEDB8Z-A900B3WFQ,DQCD0C,/items/DEDB8ZA900B3WFQ/000001_1611133116.jpg,/items/DEDB8ZA900B3WFQ/000001_1611133116.jpg,H&R安室家 日系優雅五層木質鞋櫃 SHF19,"H&R安室家 日系優雅五層木質鞋櫃 SHF19\r\n五層收納空間 
開放式拿取便利 
雙色配色不呆板",999,999,,,,1,0,"['C047093', 'C047229', 'C047092', 'C047228', 'C047090', 'C047091', 'C047244', 'C047169', 'C047242', 'C047246', 'C047167', 'C047162', 'C047243', 'C047168']",ec
DQCD3G-A900GMQTQ,DQCD3G,/items/DQCD3GA900GMQTQ/000001_1693806955.jpg,/items/DQCD3GA900GMQTQ/000001_1693806955.jpg,《HOPMA》樂活四門五層鞋櫃 玄關櫃 收納櫃 置物邊櫃 鞋架-拼版柚木,"《HOPMA》樂活四門五層鞋櫃 台灣製造 玄關櫃 收納櫃 置物邊櫃 鞋架-拼版柚木\r\n。mit台灣製 
。diy自行組裝 
。活動板設計方便依鞋子調整高度 

◤淺橡木
◤拼版柚木",1601,1601,,,,1,0,"{'1': 'C044306', '2': 'C044307', '3': 'C044308', '4': 'C044314', '5': 'C044534', '6': 'C044305'}",ec
QFAA9K-A90092JHP,DQCD01,/items/QFAA9KA90092JHP/000001_1653618081.jpg,/items/QFAA9KA90092JHP/000001_1653618081.jpg,【澄境】日系雙門六層大容量收納鞋櫃,"附組裝影片【澄境】日系雙門六層大容量收納鞋櫃(2色) 書櫃/玄關櫃/置物櫃/收納櫃\r\n◆ 台灣嚴製精品 
◆ 鞋櫃層板貼心可調整 
◆ 防潑水材質提高清潔簡易度 
◆ 溫馨無壓力色彩 
◆ 增加小抽屜提高收納性",1280,1280,,,,1,0,"['C047093', 'C047229', 'C047092', 'C047228', 'C047090', 'C047091', 'C047169', 'C047167', 'C047162', 'C047168']",ec
DEAB4Q-A900AWNHD,DQCD01,/items/DEAB4QA900AWNHD/000001_1661948700.jpg,/items/DEAB4QA900AWNHD/000001_1661948700.jpg,【fioJa 費歐家】 側開式 2列6層 組合鞋櫃 鞋架(鞋櫃 組合鞋櫃 ),"【fioJa 費歐家】 側開式 2列6層 組合鞋櫃 大容量多層組合收納鞋櫃\r\n讓您的鞋子有舒適空間!井然有序的排排站
鞋櫃可調整隔板，自由彈性運用~
收納各尺寸大鞋、小鞋更方便~

大容量多層組合收納鞋櫃，告別到處找鞋，
隔板可自由調整，短靴、長靴皆可輕鬆放置！
拆裝方便。擁有超大容量，完美收納你的愛鞋們！
堅固耐用，品質保證，買就附贈雨傘架喔！",1025,1025,,,,1,0,"['C047093', 'C047229', 'C047092', 'C047228', 'C047090', 'C047091', 'C047244', 'C047169', 'C047242', 'C047246', 'C047167', 'C047162', 'C047243', 'C047168']",ec
QFAA9K-A90092JHP,DQCD01,/items/QFAA9KA90092JHP/000001_1653618081.jpg,/items/QFAA9KA90092JHP/000001_1653618081.jpg,【澄境】日系雙門六層大容量收納鞋櫃,"附組裝影片【澄境】日系雙門六層大容量收納鞋櫃(2色) 書櫃/玄關櫃/置物櫃/收納櫃\r\n◆ 台灣嚴製精品 
◆ 鞋櫃層板貼心可調整 
◆ 防潑水材質提高清潔簡易度 
◆ 溫馨無壓力色彩 
◆ 增加小抽屜提高收納性",1280,1280,,,,1,0,"['C047093', 'C047229', 'C047092', 'C047228', 'C047090', 'C047091', 'C047169', 'C047167', 'C047162', 'C047168']",ec
DEABHV-A900G3Z75,DQCD3G,/items/DEABHVA900G3Z75/000001_1685066762.jpg,/items/DEABHVA900G3Z75/000001_1685066762.jpg,《HOPMA》樂活開放式十層鞋櫃 玄關櫃 開放收納櫃 置物邊櫃 鞋架-淺橡(漂流)木,"《HOPMA》樂活開放式十層鞋櫃 台灣製造 玄關櫃 開放收納櫃 置物邊櫃 鞋架-淺橡(漂流)木\r\n。mit台灣製 
。diy自行組裝 
。六片活動層板，可依需求調整高度

◤拼版柚木",1374,1374,,,,1,0,[],ec
DEDB8M-A900FU6XF,DQCD01,/items/DEDB8MA900FU6XF/000001_1670916731.jpg,/items/DEDB8MA900FU6XF/000001_1670916731.jpg,BuyJM 附插座低甲醛開放式六層鞋櫃(寬81公分),"BuyJM 附插座低甲醛開放式六層鞋櫃(寬81公分)\r\n‧六層分層，大容量收納
‧附插座
‧低甲醛板材使用安心
‧開放式收納，取物方便
‧台灣製造，品質有保障",1460,1460,,,,1,0,"['C047093', 'C047229', 'C047092', 'C047228', 'C047090', 'C047091', 'C047169', 'C047167', 'C047168']",ec
DQCD00-A900GETLB,DQCD00,/items/DQCD00A900GETLB/000001_1686711374.jpg,/items/DQCD00A900GETLB/000001_1686711374.jpg,百崴收納 42cm寬八層鞋櫃收納櫃-白色,"百崴收納 42cm寬八層鞋櫃收納櫃-白色\r\n窄長設計，適合玄關區域使用
有效的收納空間和分隔設計
簡約且現代化的設計風格",1499,1499,,,,1,0,"['C047093', 'C047229', 'C047092', 'C047228', 'C047090', 'C047091', 'C047244', 'C047169', 'C047242', 'C047246', 'C047167', 'C047162', 'C047243', 'C047168']",ec
DEDB8M-A900F3V90,DQCD01,/items/DEDB8MA900F3V90/000001_1653730045.jpg,/items/DEDB8MA900F3V90/000001_1653730045.jpg,BuyJM低甲醛開放式六層鞋櫃(寬81公分),"BuyJM低甲醛開放式六層鞋櫃(寬81公分)\r\n‧六層分層，大容量收納
‧低甲醛板材使用安心
‧開放式收納，取物方便
‧台灣製造，品質有保障",1253,1253,,,,1,0,"['C047093', 'C047229', 'C047092', 'C047228', 'C047090', 'C047091', 'C047169', 'C047168']",ec
DQCD3E-A900GPC6O,DQCD3E,/items/DQCD3EA900GPC6O/000001_1696311220.jpg,/items/DQCD3EA900GPC6O/000001_1696311220.jpg,TZUMii 推門鞋叉鞋櫃/滑門鞋櫃/雙門鞋櫃/玄關櫃-三色可選,TZUMii 推門鞋叉鞋櫃/滑門鞋櫃/雙門鞋櫃/玄關櫃-三色可選\r\n,1980,1980,,,,1,0,"['C044306', 'C044307', 'C044308', 'C047093', 'C047229', 'C047092', 'C047228', 'C047090', 'C047091', 'C044314', 'C044534', 'C044305', 'C047169', 'C047167', 'C047162', 'C047168']",ec
DQCBAQ-A900GFGBF,DQCD05,/items/DQCBAQA900GFGBF/000001_1687248046.jpg,/items/DQCBAQA900GFGBF/000001_1687248046.jpg,BuyJM MIT加深40cm五層低甲醛可堆疊實木腳寬80cm鞋櫃/收納櫃,"BuyJM MIT加深40cm五層低甲醛可堆疊實木腳寬80cm鞋櫃/收納櫃\r\n•台灣製造，品質有保障
•低甲醛e1環保板材，健康安心
•按壓式磁吸門板設計，無把手凸出最省空間
•活動隔板，可任意調整空間
•實木腳，落地擺放，避免地板灰塵",2211,2211,,,,1,0,"['C044306', 'C044302', 'C044304', 'C044307', 'C044308', 'C044303', 'C047093', 'C047229', 'C047092', 'C047228', 'C047090', 'C047091', 'C044301', 'C044314', 'C044532', 'C044313', 'C044534', 'C044305', 'C047169', 'C047167', 'C047168']",ec
DQCBAQ-A900GFGAT,DQCD05,/items/DQCBAQA900GFGAT/000001_1687247329.jpg,/items/DQCBAQA900GFGAT/000001_1687247329.jpg,BuyJM MIT加深40cm四層低甲醛可堆疊實木腳寬80cm鞋櫃/收納櫃,"BuyJM MIT加深40cm四層低甲醛可堆疊實木腳寬80cm鞋櫃/收納櫃\r\n•台灣製造，品質有保障
•低甲醛e1環保板材，健康安心
•按壓式磁吸門板設計，無把手凸出最省空間
•活動隔板，可任意調整空間
•實木腳，落地擺放，避免地板灰塵",2105,2105,,,,1,0,"['C047093', 'C047229', 'C047092', 'C047228', 'C047090', 'C047091', 'C047169', 'C047167', 'C047168']",ec
CCAA07-A9005SEHA,DQCD3G,/items/CCAA07A9005SEHA/000001_1561606550.jpg,/items/CCAA07A9005SEHA/000001_1561606550.jpg,【Hopma】雙門六格鞋櫃,"《HOPMA》雙門六格鞋櫃 台灣製造 玄關櫃 開放收納櫃 置物邊櫃 鞋架\r\n。mit台灣製
。diy自行組裝
。附門設計防塵效果佳
。大容量設計最多可收納18雙鞋",868,868,,,,1,0,"['C047093', 'C047229', 'C047092', 'C047228', 'C047090', 'C047091', 'C047169']",ec
DQCD3G-A900G9PI7,DQCD3G,/items/DQCD3GA900G9PI7/000001_1682568020.jpg,/items/DQCD3GA900G9PI7/000001_1682568020.jpg,《HOPMA》百搭風格多功能穿鞋椅 收納櫃 置物櫃 鞋櫃 邊櫃 玄關櫃 鞋架-大理石,"《HOPMA》百搭風格多功能穿鞋椅 台灣製造 收納櫃 置物櫃 鞋櫃 邊櫃 玄關櫃 鞋架-大理石\r\n◆產品特色
。mit台灣製造
。diy自行組裝 
。面板一體成型
。鐵架材質",1374,1374,,,,1,0,[],ec
DEABHV-A90094AC2,DQCD3G,/items/DEABHVA90094AC2/000001_1706495502.jpg,/items/DEABHVA90094AC2/000001_1706495502.jpg,《HOPMA》工業風四門十層鞋櫃-拼版柚木,"《HOPMA》工業風四門十層鞋櫃 台灣製造 玄關櫃 開放收納櫃 置物邊櫃 鞋架-拼版柚木\r\n★mit台灣製造
★diy自行組裝
★大容量收納機能鞋櫃
★門板伸縮轉軸輕鬆組裝
★活動層板擺放不設限

◤淺橡木
◤拼版柚木",1610,1610,,,,1,0,"{'1': 'C044306', '2': 'C044307', '3': 'C044308', '4': 'C044314', '5': 'C044534', '6': 'C044305'}",ec
QFAA8D-A9009B2XN,DQCD3G,/items/QFAA8DA9009B2XN/000001_1534130615.jpg,/items/QFAA8DA9009B2XN/000001_1534130615.jpg,《HOPMA》精選掀蓋收納鞋櫃,"《HOPMA》美背精選掀蓋收納鞋櫃 台灣製造 玄關收納 大容量置物\r\n。mit台灣製造
。diy自行組裝 
。霧黑質感把手 
。門板伸縮轉軸設計 
。通風透氣孔設計
。3片活動層板",1298,1298,,,,1,0,[],ec
DQCD3G-A900GEH84,DQCD3G,/items/DQCD3GA900GEH84/000001_1686299189.jpg,/items/DQCD3GA900GEH84/000001_1686299189.jpg,《HOPMA》合馬雙門鞋櫃 玄關櫃 收納櫃 置物邊櫃 鞋架-胡桃木,"《HOPMA》合馬雙門鞋櫃 台灣製造 玄關櫃 收納櫃 置物邊櫃 鞋架-胡桃木\r\n金屬質感把手
磁扣開合設計
層板半圓孔溝槽固定不滑動
附腳粒保護地板被刮傷
防撞墊片貼心設計",1161,1161,,,,1,0,[],ec
DQCD3G-A900GGMLM,DQCD3G,/items/DQCD3GA900GGMLM/000001_1688696715.jpg,/items/DQCD3GA900GGMLM/000001_1688696715.jpg,《HOPMA》大容量加寬掀蓋式穿鞋椅 收納坐椅 玄關矮凳 置物鞋櫃-淺橡(漂流)木,"《HOPMA》大容量加寬掀蓋式穿鞋椅 台灣製造 收納坐椅 玄關矮凳 置物鞋櫃-淺橡(漂流)木\r\n◆產品特色
。mit台灣製造
。diy自行組裝 
。可調整門板活頁、防撞消音墊片
。活動層板設計、開放式大容量空間",1048,1048,,,,1,0,[],ec
DQCD3G-A900GG6CR,DQCD3G,/items/DQCD3GA900GG6CR/000001_1688092623.jpg,/items/DQCD3GA900GG6CR/000001_1688092623.jpg,《HOPMA》樂活加深款三門五層鞋櫃 玄關櫃 收納櫃 置物邊櫃-拼版柚木,"《HOPMA》加深款三門五層鞋櫃 台灣製造 玄關櫃 收納櫃 置物邊櫃-拼版柚木\r\n★金屬質感把手
★磁扣開合設計
★層板半圓孔溝槽固定不滑動
★加深款大容量收納",1336,1336,,,,1,0,[],ec
DEABHV-A9005PCW5,DQCD3G,/items/DEABHVA9005PCW5/000001_1561714632.jpg,/items/DEABHVA9005PCW5/000001_1561714632.jpg,【Hopma】三門鞋櫃-三色可選,"《HOPMA》三門五層鞋櫃 台灣製造 玄關櫃 收納櫃 置物櫃 鞋架\r\n約可放15雙鞋(鞋款不同將造成誤差)
■mit台灣製造 
■磁扣設計，好開好拿取
■寬76x 深30.3x 高80.6cm 
■墊高腳蹄設計，防止濕氣滲透 
■大小各四片活動層版，依需求調整高度 
■胡桃木色  白橡配白  時尚白 三色可選",1273,1273,,,,1,0,[],ec
DEABJA-A900F0D5M,DQCD3E,/items/DEABJAA900F0D5M/000001_1652067945.jpg,/items/DEABJAA900F0D5M/000001_1652067945.jpg,TZUMii佐藤雙門鞋櫃,"TZUMii佐藤雙門鞋櫃\r\n●居家必備款
●活動板自由調整高度
●奶茶色門把，質感提升
●大容量收納空間",849,849,,,,1,0,[],ec
DEABJA-A900AXDH8,DQCD3E,/items/DEABJAA900AXDH8/000001_1680745653.jpg,/items/DEABJAA900AXDH8/000001_1680745653.jpg,TZUMii雙門十層鞋櫃-胡桃木色,"全館最高回饋11%P幣TZUMii雙門十層鞋櫃-胡桃木色\r\n●大容量10層可收納
●半開放式結合使用更便利
●結構穩固不易搖晃

★其他規格選擇★►胡桃木色►白色►淺橡木色",1249,1249,,,,1,0,[],ec
DQAVFO-A900G47FD,DQCD3G,/items/DQAVFOA900G47FD/000001_1678244277.jpg,/items/DQAVFOA900G47FD/000001_1678244277.jpg,《HOPMA》日式二門五層鞋櫃 玄關櫃 收納櫃 置物櫃 鞋架 雙門 大容量-淺橡(漂流)木,"《HOPMA》日式二門五層鞋櫃 台灣製造 玄關櫃 收納櫃 置物櫃 鞋架 雙門 大容量-淺橡(漂流)木\r\n◆產品特色
。mit台灣製造
。diy自行組裝 
。大空間收納
。活動式層板設計",999,999,,,,1,0,[],ec
DEABDE-A900ASNMR,DQCD3C,/items/DEABDEA900ASNMR/000001_1637028063.jpg,/items/DEABDEA900ASNMR/000001_1637028063.jpg,【RICHOME】茵德絲雙門透氣鞋櫃,"【RICHOME】茵德絲北歐風雙門透氣鞋櫃/鞋架/玄關櫃/置物櫃/收納櫃 (北歐風典雅設計)\r\n✓ 高貴典雅風格家具
✓ 塑合板貼pu防潑水設計
✓ 置物平台層板加厚設計
✓ 大容量空間，可收納16雙鞋
✓ 透氣孔通風設計，鞋子不悶臭
✓ 雙門鞋櫃，有效阻隔灰塵
✓ 可移動層板放置長靴，調整收納空間大小",1699,1699,,,,1,0,"['C044306', 'C044307', 'C044308', 'C047093', 'C047229', 'C047092', 'C047228', 'C047090', 'C047091', 'C044314', 'C044534', 'C044305', 'C047169', 'C047167', 'C047168']",ec
DEABJA-A900BRSWJ,DQCD3E,/items/DEABJAA900BRSWJ/000001_1631591897.jpg,/items/DEABJAA900BRSWJ/000001_1631591897.jpg,TZUMii馬可拉門式鞋櫃,"TZUMii馬可拉門式鞋櫃\r\n●顛覆傳統開門設計
●抽拉式開門方式鞋子一目了然
●採用1.5公分板厚堅固耐用",2199,2199,,,,1,0,"['C044306', 'C044302', 'C044304', 'C044307', 'C044308', 'C044303', 'C047093', 'C047229', 'C047092', 'C047228', 'C047090', 'C047091', 'C044301', 'C044314', 'C044532', 'C044313', 'C044534', 'C044305', 'C047169', 'C047167', 'C047162', 'C047168']",ec
DEABDE-A900ASNMR,DQCD3C,/items/DEABDEA900ASNMR/000001_1637028063.jpg,/items/DEABDEA900ASNMR/000001_1637028063.jpg,【RICHOME】茵德絲雙門透氣鞋櫃,"【RICHOME】茵德絲北歐風雙門透氣鞋櫃/鞋架/玄關櫃/置物櫃/收納櫃 (北歐風典雅設計)\r\n✓ 高貴典雅風格家具
✓ 塑合板貼pu防潑水設計
✓ 置物平台層板加厚設計
✓ 大容量空間，可收納16雙鞋
✓ 透氣孔通風設計，鞋子不悶臭
✓ 雙門鞋櫃，有效阻隔灰塵
✓ 可移動層板放置長靴，調整收納空間大小",1699,1699,,,,1,0,"['C044306', 'C044307', 'C044308', 'C047093', 'C047229', 'C047092', 'C047228', 'C047090', 'C047091', 'C044314', 'C044534', 'C044305', 'C047169', 'C047167', 'C047168']",ec
QFAAM0-A900A64DN,DQCD3G,/items/QFAAM0A900A64DN/000001_1564121859.jpg,/items/QFAAM0A900A64DN/000001_1564121859.jpg,《HOPMA》日式雙門六層鞋櫃,"《HOPMA》日式雙門六層鞋櫃 台灣製造 玄關櫃 開放收納櫃 置物邊櫃\r\nmit台灣製
diy自行組裝
附門設計防塵效果佳
大容量設計最多可收納21雙鞋",1298,1298,,,,1,0,[],ec
QFAA8D-A9009M5KA,DQCD3G,/items/QFAA8DA9009M5KA/000001_1701223829.jpg,/items/QFAA8DA9009M5KA/000001_1701223829.jpg,《HOPMA》簡約開放式十層鞋櫃,"《HOPMA》簡約開放式十層鞋櫃 台灣製造 收納置物櫃 玄關櫃\r\n。mit台灣製 
。diy自行組裝 
。開放式設計
。六片活動層板可依需求調整高度 
。層板半圓孔溝槽固定不滑動",1298,1298,,,,1,0,[],ec
DEABHV-A90091YEP,DQCD3G,/items/DEABHVA90091YEP/000001_1611108666.jpg,/items/DEABHVA90091YEP/000001_1611108666.jpg,《HOPMA》樂活三門五層鞋櫃-拼版柚木,"《HOPMA》樂活三門五層鞋櫃 台灣製造 玄關櫃 開放收納櫃 置物邊櫃-拼版柚木\r\n★mit台灣製造
★diy自行組裝
★霧黑金屬質感把手
★高質感實木腳設計


◤淺橡木
◤拼版柚木",1374,1374,,,,1,0,[],ec
CCAA07-A42291842,DQCD3E,/items/CCAA07A42291842/000001_1648091410.jpg,/items/CCAA07A42291842/000001_1648091410.jpg,《好生活》多功能三門鞋櫃,"TZUMii多功能三門鞋櫃(W80xH84/cm)\r\n•三門設計磁鐵固定
•簡單都會風格易於搭配
•加厚平台可放擺設品、鞋盒
•白色+原木色帶出迷人的簡約風采
•附大小活動層板各4+隔板托可調整
pchome聯名卡每週四享6%回饋*(免登錄)∼

↑立即申辦，請點圖片了解",999,999,,,,1,0,"['C047093', 'C047229', 'C047092', 'C047228', 'C047090', 'C047091', 'C047169', 'C047167', 'C047162', 'C047168']",ec
QFAA8D-A9009M5J6,DQCD3G,/items/QFAA8DA9009M5J6/000001_1685497248.jpg,/items/QFAA8DA9009M5J6/000001_1685497248.jpg,《HOPMA》現代三門五層鞋櫃,"《HOPMA》現代三門五層鞋櫃 台灣製造 收納置物櫃 玄關櫃\r\n。mit台灣製 
。diy自行組裝 
。四片活動層板，可依需求調整高度 
。霧黑金屬質感把手
。實木腳設計",1373,1373,,,,1,0,[],ec
DEABHV-A900FRQ7G,DQCD3G,/items/DEABHVA900FRQ7G/000001_1669081771.jpg,/items/DEABHVA900FRQ7G/000001_1669081771.jpg,《HOPMA》樂活加深款二門五格鞋櫃-拼版柚木色,"《HOPMA》樂活加深款二門五格鞋櫃 台灣製造 玄關櫃 開放收納櫃 置物邊櫃 鞋架-拼版柚木\r\n★金屬質感把手
★磁扣開合設計
★層板半圓孔溝槽固定不滑動
★加深款大容量收納

►白櫻桃
►拼版柚木",1273,1273,,,,1,0,[],ec
QFAA8D-A9009KF41,DQCD3G,/items/QFAA8DA9009KF41/000001_1670568668.jpg,/items/QFAA8DA9009KF41/000001_1670568668.jpg,《HOPMA》都會四門五層鞋櫃,"《HOPMA》都會四門五層鞋櫃 台灣製造 收納置物櫃 玄關櫃\r\n。mit台灣製 
。diy自行組裝 
。金屬質感把手
。磁扣開合設計
。活動板設計方便依鞋子調整高度 
。層板半圓孔溝槽固定不滑動
。高腳蹄阻隔地板濕氣",1625,1625,,,,1,0,"{'1': 'C044306', '2': 'C044307', '3': 'C044308', '4': 'C044314', '5': 'C044534', '6': 'C044305'}",ec
DEABJA-A9006UGF1,DQCD3E,/items/DEABJAA9006UGF1/000001_1617675486.jpg,/items/DEABJAA9006UGF1/000001_1617675486.jpg,TZUMii 胡桃木色雙門鞋櫃,"TZUMii 胡桃木色雙門鞋櫃\r\n雙門5層收納 
分層分類容量大 
隔板可自行調整 
小空間收納的幫手",799,799,,,,1,0,"['C047093', 'C047229', 'C047092', 'C047228', 'C047090', 'C047091', 'C047169', 'C047167', 'C047162', 'C047168']",ec
CCAA07-A9005SETY,DQCD3G,/items/CCAA07A9005SETY/000001_1561714511.jpg,/items/CCAA07A9005SETY/000001_1561714511.jpg,【Hopma】三門五層鞋櫃,"《HOPMA》三門五層鞋櫃 台灣製造 玄關櫃 開放收納櫃 置物邊櫃\r\n。mit台灣製
。diy自行組裝
。附大小各四片活動板
。附上四顆腳蹄，防止濕氣滲透",1018,1018,,,,1,0,"['C047093', 'C047229', 'C047092', 'C047228', 'C047090', 'C047091', 'C047169', 'C047168']",ec
DQCD3E-A900G8AOD,DQCD3E,/items/DQCD3EA900G8AOD/000001_1681346301.jpg,/items/DQCD3EA900G8AOD/000001_1681346301.jpg,TZUMii波爾高四門鞋櫃-雙色可選,"TZUMii波爾高四門鞋櫃-雙色可選\r\n●附門設計防塵效果佳
●簡約時尚雙色搭配
●活動板可依需求調整高度
●門把設計好開關",1874,1874,,,,1,0,"{'1': 'C044306', '2': 'C044307', '3': 'C044308', '4': 'C044314', '5': 'C044534', '6': 'C044305'}",ec
DEDB8L-A900B6OGQ,DQCD00,/items/DEDB8LA900B6OGQ/000001_1615440046.jpg,/items/DEDB8LA900B6OGQ/000001_1615440046.jpg,【fioJa費歐家】5門10層大容量上掀式鞋櫃(收納/置物),"【fioJa費歐家】5門10層大容量掀式多層鞋櫃(收納/置物)\r\n掀蓋式附門設計，防塵保護愛鞋有專屬的空間~
在視覺上也可以讓空間更加簡潔美觀！

加大加寬設計，適合不同收納、置物、鞋櫃…等都好放喔~
中間層固定板設計，增加鞋櫃結構的穩固性，使用更安全~

下單前可參考組裝影片
檔案名稱:組裝上掀式置物櫃 鞋櫃
https:  youtu.be 8no85toychk",998,998,,,,1,0,"['C047093', 'C047229', 'C047092', 'C047228', 'C047090', 'C047091', 'C047244', 'C047169', 'C047242', 'C047246', 'C047167', 'C047162', 'C047243', 'C047168']",ec
CCAA07-A68114950,DQCD3E,/items/CCAA07A68114950/000001_1648103473.jpg,/items/CCAA07A68114950/000001_1648103473.jpg,(簡易)五層鞋櫃,"TZUMii超值五層鞋櫃\r\n．五層收納空間
．開放式存取便利
．雙色配色不呆板
．鞋櫃、書櫃..等多用途",799,799,,,,1,0,"['C047093', 'C047229', 'C047092', 'C047228', 'C047090', 'C047091', 'C047169', 'C047167', 'C047162', 'C047168']",ec
DEAB6G-A63832626,DQCD3E,/items/DEAB6GA63832626/000001_1614651523.jpg,/items/DEAB6GA63832626/000001_1614651523.jpg,柏拉圖現代雙門鞋櫃,"柏拉圖現代雙門鞋櫃\r\n約可放15雙鞋(鞋款不同將造成誤差)
■雙門設計，隔絕灰塵髒汙
■ 採塑合板，堅固耐用
■ 活動板層，隨意調整高度
■ 靴類 涼鞋 球鞋妥善收納
■ 尺寸：61.7寬 x 32.5深 x 89高 cm",899,899,,,,1,0,"['C047093', 'C047229', 'C047092', 'C047228', 'C047090', 'C047091', 'C047169', 'C047167', 'C047162', 'C047168']",ec
DQCD3E-A900H29KB,DQCD3E,/items/DQCD3EA900H29KB/000001_1704350988.jpg,/items/DQCD3EA900H29KB/000001_1704350988.jpg,TZUMii莫爾二門一抽高鞋櫃/雙門鞋櫃/鞋架/透氣孔,TZUMii莫爾二門一抽高鞋櫃/雙門鞋櫃/鞋架/透氣孔\r\n,1799,1799,,,,1,0,"['C044306', 'C044307', 'C044308', 'C047093', 'C047229', 'C047092', 'C047228', 'C047090', 'C047091', 'C044314', 'C044534', 'C044305', 'C047169', 'C047167', 'C047162', 'C047168']",ec
DEABJA-A900C4CGN,DQCD3E,/items/DEABJAA900C4CGN/000001_1640232344.jpg,/items/DEABJAA900C4CGN/000001_1640232344.jpg,TZUMii丹尼雙門鞋櫃,"TZUMii 丹尼雙門鞋櫃\r\n●如實木質感門框外型設計
●實木腳挑高設計能輕鬆打掃地面
●超大容量，收納鞋子免煩惱
●系列搭配使居家質感更提升
●mit品質保證",2179,2179,,,,1,0,"['C044306', 'C044302', 'C044304', 'C044307', 'C044308', 'C044303', 'C047093', 'C047229', 'C047092', 'C047228', 'C047090', 'C047091', 'C044301', 'C044314', 'C044532', 'C044313', 'C044534', 'C044305', 'C047169', 'C047167', 'C047162', 'C047168']",ec
DEDDAF-A900AXXIW,DQCD01,/items/DEDDAFA900AXXIW/000001_1662014882.jpg,/items/DEDDAFA900AXXIW/000001_1662014882.jpg,【澄境】MIT加深款雙門五層鞋櫃/收納櫃(2色),"深度41公分!【澄境】MIT加深款雙門五層鞋櫃/收納櫃(三色) 書櫃/置物櫃/玄關櫃\r\n●多元收納空間，可當鞋櫃 書櫃 置物櫃都適用
●雙門+開放式設計，收納更自在
●實木腳質感佳更穩固
●便利磁扣設計，拉門緊密貼合不易脫落
●上方超大置物平台
●加深加寬大容量，38.5公分內男鞋也放得下",1780,1780,,,,1,0,"['C044306', 'C044307', 'C044308', 'C047093', 'C047229', 'C047092', 'C047228', 'C047090', 'C047091', 'C044314', 'C044534', 'C044305', 'C047169', 'C047167', 'C047162', 'C047168']",ec
QFAA8D-A9009QIVX,DQCD3G,/items/QFAA8DA9009QIVX/000001_1685414832.jpg,/items/QFAA8DA9009QIVX/000001_1685414832.jpg,《HOPMA》雅典加深款二門五格鞋櫃,"《HOPMA》雅典加深款二門五格鞋櫃 台灣製造 玄關櫃 開放收納櫃 置物邊櫃\r\n。mit台灣製 
。diy自行組裝 
。金屬質感把手
。磁扣開合設計
。層板半圓孔溝槽固定不滑動
。加深款大容量收納",1249,1249,,,,1,0,[],ec
QFAA8D-A9009RKIA,DQCD3G,/items/QFAA8DA9009RKIA/000001_1629168647.jpg,/items/QFAA8DA9009RKIA/000001_1629168647.jpg,《HOPMA》時尚二門高鞋櫃,"《HOPMA》時尚二門高鞋櫃 台灣製造 玄關櫃 開放收納櫃 置物邊櫃\r\n。mit台灣製造
。diy自行組裝 
。層板半圓孔不易滑動
。對流通風孔四入
。可調門板活頁",1710,1710,,,,1,0,"{'1': 'C044306', '2': 'C044307', '3': 'C044308', '4': 'C044314', '5': 'C044534', '6': 'C044305'}",ec
DEABJA-A900FHN58,DQCD3E,/items/DEABJAA900FHN58/000001_1663212336.jpg,/items/DEABJAA900FHN58/000001_1663212336.jpg,TZUMii波爾高四門鞋櫃-雙色可選,"TZUMii波爾高四門鞋櫃-雙色可選\r\n●附門設計防塵效果佳
●簡約時尚雙色搭配
●活動板可依需求調整高度
●門把設計好開關",1874,1874,,,,1,0,"{'1': 'C044306', '2': 'C044307', '3': 'C044308', '4': 'C044314', '5': 'C044534', '6': 'C044305'}",ec
DQCD3G-A900GP8FG,DQCD3G,/items/DQCD3GA900GP8FG/000001_1696228746.jpg,/items/DQCD3GA900GP8FG/000001_1696228746.jpg,《HOPMA》加深款三門五層鞋櫃 玄關櫃 收納櫃 置物邊櫃-白櫻桃,"《HOPMA》加深款三門五層鞋櫃 台灣製造 玄關櫃 收納櫃 置物邊櫃-白櫻桃\r\n★金屬質感把手
★磁扣開合設計
★層板半圓孔溝槽固定不滑動
★加深款大容量收納

►白櫻桃
►拼版柚木",1336,1336,,,,1,0,[],ec
DEABJA-A900FDOPC,DQCD3E,/items/DEABJAA900FDOPC/000001_1660109018.jpg,/items/DEABJAA900FDOPC/000001_1660109018.jpg,TZUMii四門二格鞋櫃-雙色可選,"TZUMii四門二格鞋櫃-雙色可選\r\n●四門+開放空間收納更便利
●輕巧但具多層大容量收納
●活動板可依需求調整高度
●門把設計好開關",1249,1249,,,,1,0,[],ec
DEABDE-A900ASHT7,DQCD3C,/items/DEABDEA900ASHT7/000001_1680839273.jpg,/items/DEABDEA900ASHT7/000001_1680839273.jpg,【RICHOME】凱特琳雙門鞋櫃,"【RICHOME】凱特琳雙門鞋櫃/鞋架/玄關櫃/置物櫃/收納櫃(工業風棋盤格設計)\r\n✓ 方格拼貼工業風造型
✓ 塑合板貼pu防潑水設計
✓ 掀蓋式防塵收納小物，實用超方便
✓ 大容量空間，可收納16雙鞋
✓ 透氣孔通風設計，鞋子不悶臭
✓ 雙門鞋櫃，有效阻隔灰塵
✓ 可移動層板放置長靴，調整收納空間大小",2279,2279,,,,1,0,"['C044306', 'C044302', 'C044304', 'C044307', 'C044308', 'C044303', 'C047093', 'C047229', 'C047092', 'C047228', 'C047090', 'C047091', 'C044301', 'C044314', 'C044532', 'C044313', 'C044534', 'C044305', 'C047169', 'C047167', 'C047162', 'C047168']",ec
QFAA1Z-A9006UGEU,DQCD3E,/items/QFAA1ZA9006UGEU/000001_1698205671.jpg,/items/QFAA1ZA9006UGEU/000001_1698205671.jpg,《阿瑞斯》便利雙門鞋櫃,"《阿瑞斯》便利雙門鞋櫃\r\n雙門5層收納 
分層分類容量大 
隔板可自行調整 
小空間收納的幫手",799,799,,,,1,0,"['C047093', 'C047229', 'C047092', 'C047228', 'C047090', 'C047091', 'C047169', 'C047167', 'C047162', 'C047168']",ec
QFAA9V-A900AJQFC,DQCD2H,/items/QFAA9VA900AJQFC/000001_1583906143.jpg,/items/QFAA9VA900AJQFC/000001_1583906143.jpg,Homelike 簡約二門收納鞋櫃-原木,"Homelike 簡約二門收納鞋櫃-原木\r\n◆簡約外型設計，好百搭
◆附活動層板，可調高度
◆雙門設計，收納又防塵",1073,1073,,,,1,0,"['C047093', 'C047229', 'C047092', 'C047228', 'C047090', 'C047091', 'C047169', 'C047168']",ec
DQCD3G-A900H2D1M,DQCD3G,/items/DQCD3GA900H2D1M/000001_1704433385.jpg,/items/DQCD3GA900H2D1M/000001_1704433385.jpg,《HOPMA》日式雙門四層鞋櫃 台灣製造 玄關櫃 收納櫃 置物邊櫃 鞋架-黑胡桃,"《HOPMA》日式雙門四層鞋櫃 台灣製造 玄關櫃 收納櫃 置物邊櫃 鞋架-黑胡桃\r\nmit台灣製造 diy傢具
金屬質感把手
磁扣開合設計
層板半圓孔溝槽固定不滑動
附腳粒保護地板被刮傷",1063,1063,,,,1,0,[],ec
DEABDE-A900AS87F,DQCD3C,/items/DEABDEA900AS87F/000001_1595591006.jpg,/items/DEABDEA900AS87F/000001_1595591006.jpg,【RICHOME】亞松森雙門透氣鞋櫃,"【RICHOME】亞松森雙門透氣鞋櫃/鞋架/玄關櫃/置物櫃/收納櫃 (工業風棧板設計)\r\n✓ 時尚簡約工業風格造型
✓ 塑合板貼pu防潑水設計
✓ 大容量空間，可收納16雙鞋
✓ 透氣通風孔兼具把手功能
✓ 雙門鞋櫃，有效阻隔灰塵
✓ 可移動層板放置長靴，調整收納空間大小",1901,1901,,,,1,0,"['C044306', 'C044307', 'C044308', 'C047093', 'C047229', 'C047092', 'C047228', 'C047090', 'C047091', 'C044314', 'C044534', 'C044305', 'C047169', 'C047168']",ec
DEDB8P-A900EYDQN,DQCD2G,/items/DEDB8PA900EYDQN/000001_1650946535.jpg,/items/DEDB8PA900EYDQN/000001_1650946535.jpg,【HappyLife】仿編藤翻門鞋櫃/三層80cm (Y10513),"【HappyLife】仿編藤翻門鞋櫃/三層80cm (Y10513)\r\n天然楠竹材質
網格透氣櫃門
32cm加深寬度
背板、側板均採用無縫複合板",1380,1380,,,,1,0,"['C047093', 'C047229', 'C047092', 'C047228', 'C047090', 'C047091', 'C047169', 'C047167', 'C047162', 'C047168']",ec
QFAA8D-A9009QIVG,DQCD3G,/items/QFAA8DA9009QIVG/000001_1685414937.jpg,/items/QFAA8DA9009QIVG/000001_1685414937.jpg,《HOPMA》雅典加深款三門五層鞋櫃,"《HOPMA》雅典加深款三門五層鞋櫃 台灣製造 玄關櫃 開放收納櫃 置物邊櫃\r\n。mit台灣製 
。diy自行組裝 
。金屬質感把手
。磁扣開合設計
。層板半圓孔溝槽固定不滑動
。加深款大容量收納",1068,1068,,,,1,0,"['C047093', 'C047229', 'C047092', 'C047228', 'C047090', 'C047091', 'C047169', 'C047168']",ec
DEABJA-A900B8X89,DQCD3E,/items/DEABJAA900B8X89/000001_1651039502.jpg,/items/DEABJAA900B8X89/000001_1651039502.jpg,TZUMii收納職人雙門一抽鞋櫃,"TZUMii收納職人雙門一抽鞋櫃\r\n●無把手設計，一按即開門
●層板可依需求調整高低
●ㄇ型擋板放置物品防掉落",1779,1779,,,,1,0,"['C044306', 'C044307', 'C044308', 'C047093', 'C047229', 'C047092', 'C047228', 'C047090', 'C047091', 'C044314', 'C044534', 'C044305', 'C047169', 'C047167', 'C047162', 'C047168']",ec
QFAA8D-A9008XPP9,DQCD3G,/items/QFAA8DA9008XPP9/000001_1685423975.jpg,/items/QFAA8DA9008XPP9/000001_1685423975.jpg,《HOPMA》加寬開放式五層鞋櫃-2入,"《HOPMA》加寬開放式五層鞋櫃(2入)台灣製造 玄關櫃 開放收納櫃 置物邊櫃\r\n。mit台灣製造
。diy商品
。歐盟等級e1塑合板
。可放28雙鞋
。簍空設計達到通風透氣效果",1663,1663,,,,1,0,"{'1': 'C044306', '2': 'C044307', '3': 'C044308', '4': 'C044314', '5': 'C044534', '6': 'C044305'}",ec
QFAA8D-A9008XK7A,DQCD3G,/items/QFAA8DA9008XK7A/000001_1564120814.jpg,/items/QFAA8DA9008XK7A/000001_1564120814.jpg,《HOPMA》多功能開放式五層鞋櫃(2入),"《HOPMA》多功能開放式五層鞋櫃(2入)台灣製造 玄關櫃 開放收納櫃 置物邊櫃\r\n。mit台灣製造
。diy商品
。歐盟等級e1塑合板
。可放21雙鞋
。簍空設計達到通風透氣效果",1235,1235,,,,1,0,[],ec
CCAA07-A9005SERS,DQCD3G,/items/CCAA07A9005SERS/000001_1563434488.jpg,/items/CCAA07A9005SERS/000001_1563434488.jpg,【Hopma】簡易二門高鞋櫃,"《HOPMA》簡易二門高鞋櫃 台灣製造 玄關櫃 開放收納櫃 置物邊櫃\r\n。mit台灣製
。diy自行組裝
。附門設計防塵效果佳
。活動板可依需求調整高度",1611,1611,,,,1,0,"{'1': 'C044306', '2': 'C044307', '3': 'C044308', '4': 'C044314', '5': 'C044534', '6': 'C044305'}",ec
QFAA8D-A9009NNO9,DQCD3G,/items/QFAA8DA9009NNO9/000001_1544778421.jpg,/items/QFAA8DA9009NNO9/000001_1544778421.jpg,《HOPMA》歐森四門十層鞋櫃,"《HOPMA》歐森四門十層鞋櫃 台灣製造 玄關櫃 開放收納櫃 置物邊櫃\r\n。mit台灣製 
。diy自行組裝 
。伸縮轉軸組裝更便利
。磁扣開合設計
。透氣孔貼心設計
。活動層板半圓孔設計不滑動",1625,1625,,,,1,0,"{'1': 'C044306', '2': 'C044307', '3': 'C044308', '4': 'C044314', '5': 'C044534', '6': 'C044305'}",ec
QFCB19-A900AP1DV,DQCD2G,/items/QFCB19A900AP1DV/000001_1591166707.jpg,/items/QFCB19A900AP1DV/000001_1591166707.jpg,【HappyLife】楠竹製雙門六層鞋櫃/寬60公分/單抽 (YV9924),"【HappyLife】楠竹製雙門六層鞋櫃/寬60公分/單抽 (YV9924)\r\n帶門設計	大容量收納
全密封背板、側板
多元收納空間",1980,1980,,,,1,0,"['C044306', 'C044307', 'C044308', 'C047093', 'C047229', 'C047092', 'C047228', 'C047090', 'C047091', 'C044314', 'C044534', 'C044305', 'C047169', 'C047167', 'C047162', 'C047168']",ec
DEABHV-A900FEAXO,DQCD3G,/items/DEABHVA900FEAXO/000001_1660641223.jpg,/items/DEABHVA900FEAXO/000001_1660641223.jpg,《HOPMA》艾爾五層一掀門鞋櫃-漂流木配白,"《HOPMA》艾爾七層一掀門鞋櫃 台灣製造 玄關櫃 開放收納櫃 置物邊櫃 鞋架-淺橡(漂流)木配白\r\n。mit台灣製造
。diy自行組裝 
。可調式活動層板
。30.5cm內深好收納
。導圓角貼心安全設計",1249,1249,,,,1,0,[],ec
DQCD3G-A900GGG7Z,DQCD3G,/items/DQCD3GA900GGG7Z/000001_1688516613.jpg,/items/DQCD3GA900GGG7Z/000001_1688516613.jpg,《HOPMA》掀蓋式加寬大容量玄關坐椅 收納鞋椅 玄關矮凳 置物鞋櫃,"《HOPMA》掀蓋式加寬大容量玄關坐椅 台灣製造 收納鞋椅 玄關矮凳 置物鞋櫃\r\n◆產品特色
。mit台灣製造
。diy自行組裝 
。可調整門板活頁、防撞消音墊片
。活動層板設計、開放式大容量空間",999,999,,,,1,0,[],ec
DQCD3G-A900H2D4A,DQCD3G,/items/DQCD3GA900H2D4A/000001_1704434505.jpg,/items/DQCD3GA900H2D4A/000001_1704434505.jpg,《HOPMA》合馬三門鞋櫃 台灣製造 玄關櫃 收納櫃 置物櫃 鞋架-時尚白,《HOPMA》合馬三門鞋櫃 台灣製造 玄關櫃 收納櫃 置物櫃 鞋架-時尚白\r\n,1273,1273,,,,1,0,[],ec
DEDB8P-A900FU6QV,DQCD2G,/items/DEDB8PA900FU6QV/000001_1670913972.jpg,/items/DEDB8PA900FU6QV/000001_1670913972.jpg,【HappyLife】楠竹製隙縫玄關鞋櫃/六層40CM (Y10969),"【HappyLife】楠竹製隙縫玄關鞋櫃/六層40CM (Y10969)\r\n塑藤長虹兩款可選
佔地小大容量
天然楠竹
加寬深度",1980,1980,,,,1,0,"['C044306', 'C044307', 'C044308', 'C047093', 'C047229', 'C047092', 'C047228', 'C047090', 'C047091', 'C044314', 'C044534', 'C044305', 'C047169', 'C047167', 'C047162', 'C047168']",ec
DEDB9C-A900BSZKU,DQCD2H,/items/DEDB9CA900BSZKU/000001_1706238270.jpg,/items/DEDB9CA900BSZKU/000001_1706238270.jpg,Homelike 菲妮斯Loft二門鞋櫃(2色可選),"Homelike 菲妮斯Loft二門鞋櫃(2色可選)\r\n◆半開放式實用空間
◆時尚感，精緻手把
◆門板附帶緩衝功能",1788,1788,,,,1,0,"['C047093', 'C047229', 'C047092', 'C047228', 'C047090', 'C047091', 'C047169', 'C047168']",ec
CCAA07-A9005SERS,DQCD3G,/items/CCAA07A9005SERS/000001_1563434488.jpg,/items/CCAA07A9005SERS/000001_1563434488.jpg,【Hopma】簡易二門高鞋櫃,"《HOPMA》簡易二門高鞋櫃 台灣製造 玄關櫃 開放收納櫃 置物邊櫃\r\n。mit台灣製
。diy自行組裝
。附門設計防塵效果佳
。活動板可依需求調整高度",1611,1611,,,,1,0,"{'1': 'C044306', '2': 'C044307', '3': 'C044308', '4': 'C044314', '5': 'C044534', '6': 'C044305'}",ec
DEABHV-A900AIEGA,DQCD3G,/items/DEABHVA900AIEGA/000001_1685084785.jpg,/items/DEABHVA900AIEGA/000001_1685084785.jpg,《HOPMA》雅緻機能雙門鞋櫃-拼版柚木,"《HOPMA》工業風機能雙門鞋櫃 台灣製造 玄關櫃 收納櫃 邊櫃 鞋架-拼版柚木\r\n★mit台灣製造★diy自行組裝 
★磁扣開合設計
★層板半圓孔溝槽固定不滑動
★附腳粒保護地板被刮傷
★透氣孔設計",959,959,,,,1,0,"['C047093', 'C047229', 'C047092', 'C047228', 'C047090', 'C047091', 'C047169']",ec
DEDB8A-A900D8J55,DQCD28,/items/DEDB8AA900D8J55/000001_1642068212.jpg,/items/DEDB8AA900D8J55/000001_1642068212.jpg,ASSARI-防潮防蛀塑鋼緩衝雙門鞋櫃(寬65x深33x高117cm),"ASSARI-防潮防蛀塑鋼緩衝雙門鞋櫃(寬65x深33x高117cm)\r\n100%整組可水洗	
緩衝設計不夾手	
防水防潮材質，防白蟻抗腐蝕	
免組裝 專人送到府",2015,2015,,,,1,0,"{'1': 'C044306', '2': 'C044302', '3': 'C044304', '4': 'C044307', '5': 'C044308', '6': 'C044303', '7': 'C044301', '8': 'C044314', '9': 'C044532', '10': 'C044313', '11': 'C044534', '12': 'C044305'}",ec
DEDB8A-A900D8HP4,DQCD28,/items/DEDB8AA900D8HP4/000001_1642067725.jpg,/items/DEDB8AA900D8HP4/000001_1642067725.jpg,ASSARI-防潮防蛀塑鋼緩衝雙門鞋櫃(寬65x深37x高112cm),"ASSARI-防潮防蛀塑鋼緩衝雙門鞋櫃(寬65x深37x高112cm)\r\n100%整組可水洗	
緩衝設計不夾手	
防水防潮材質，防白蟻抗腐蝕	
免組裝 專人送到府",2015,2015,,,,1,0,"{'1': 'C044306', '2': 'C044302', '3': 'C044304', '4': 'C044307', '5': 'C044308', '6': 'C044303', '7': 'C044301', '8': 'C044314', '9': 'C044532', '10': 'C044313', '11': 'C044534', '12': 'C044305'}",ec
DEDB8S-A900F200N,DQCD2G,/items/DEDB8SA900F200N/000001_1704161481.jpg,/items/DEDB8SA900F200N/000001_1704161481.jpg,【HappyLife】玄關收納組合式鞋櫃/四門兩抽/120CM (Y10551),"【HappyLife】玄關收納組合式鞋櫃/四門兩抽/120CM (Y10551)\r\n多層儲物空間
底部開放式置物
加高底座",2680,2680,,,,1,0,"['C044306', 'C044302', 'C044304', 'C044307', 'C044308', 'C044303', 'C047093', 'C047229', 'C047092', 'C047228', 'C047090', 'C047091', 'C044301', 'C044314', 'C044532', 'C044313', 'C044534', 'C044305', 'C047169', 'C047167', 'C047162', 'C047168']",ec
QFAA8D-A9009NNO9,DQCD3G,/items/QFAA8DA9009NNO9/000001_1544778421.jpg,/items/QFAA8DA9009NNO9/000001_1544778421.jpg,《HOPMA》歐森四門十層鞋櫃,"《HOPMA》歐森四門十層鞋櫃 台灣製造 玄關櫃 開放收納櫃 置物邊櫃\r\n。mit台灣製 
。diy自行組裝 
。伸縮轉軸組裝更便利
。磁扣開合設計
。透氣孔貼心設計
。活動層板半圓孔設計不滑動",1625,1625,,,,1,0,"{'1': 'C044306', '2': 'C044307', '3': 'C044308', '4': 'C044314', '5': 'C044534', '6': 'C044305'}",ec
QFAA8D-A90099577,DQCD3G,/items/QFAA8DA90099577/000001_1532595974.jpg,/items/QFAA8DA90099577/000001_1532595974.jpg,《HOPMA》機能大容量雙門一抽鞋櫃,"《HOPMA》機能大容量雙門一抽鞋櫃 台灣製造 玄關櫃 開放收納櫃 置物邊櫃\r\n。mit台灣製造
。diy自行組裝 
。可調式層板 
。霧黑質感把手 
。伸縮轉軸設計",1625,1625,,,,1,0,"{'1': 'C044306', '2': 'C044307', '3': 'C044308', '4': 'C044314', '5': 'C044534', '6': 'C044305'}",ec
DEABHV-A9009UFZ5,DQCD3G,/items/DEABHVA9009UFZ5/000001_1564122468.jpg,/items/DEABHVA9009UFZ5/000001_1564122468.jpg,《HOPMA》樂活鄉村四層鞋櫃-黑胡桃,"《HOPMA》日式雙門四層鞋櫃 台灣製造 玄關櫃 收納櫃 置物邊櫃 鞋架-黑胡桃\r\nmit台灣製造 diy傢具
金屬質感把手
磁扣開合設計
層板半圓孔溝槽固定不滑動
附腳粒保護地板被刮傷",850,850,,,,1,0,"['C047093', 'C047229', 'C047092', 'C047228', 'C047090', 'C047091', 'C047169', 'C047168']",ec
DEDB8Z-A900F2WRJ,DQCD0C,/items/DEDB8ZA900F2WRJ/000001_1653374413.jpg,/items/DEDB8ZA900F2WRJ/000001_1653374413.jpg,LOGIS｜90CM可坐收納鞋架椅 穿鞋椅 鞋櫃 椅凳【Z390】,"90CM可坐收納鞋架椅\r\n影片網址: https:  youtu.be b6i9zvwyqf8
坐墊內高回彈海綿舒適不易塌陷
多層式設計大容量收納
加粗加厚鐵管體架穩固承重強",1680,1680,,,,1,0,"['C044306', 'C044307', 'C044308', 'C047093', 'C047229', 'C047092', 'C047228', 'C047090', 'C047091', 'C044314', 'C044534', 'C044305', 'C047169', 'C047167', 'C047162', 'C047168']",ec
DEABHV-A900FX688,DQCD3G,/items/DEABHVA900FX688/000001_1673243071.jpg,/items/DEABHVA900FX688/000001_1673243071.jpg,《HOPMA》復刻經典四層鞋櫃 玄關櫃 開放收納櫃 置物邊櫃 鞋架,"《HOPMA》復刻經典五層鞋櫃 台灣製造 玄關櫃 開放收納櫃 置物邊櫃 鞋架\r\n◆產品特色
。mit台灣製造
。diy自行組裝 
。開放式平台空間
。活動式層板設計",874,874,,,,1,0,[],ec
QFAABZ-A900AS878,DQCD3C,/items/QFAABZA900AS878/000001_1595589782.jpg,/items/QFAABZA900AS878/000001_1595589782.jpg,【RICHOME】亞松森雙門透氣鞋櫃,"【RICHOME】亞松森雙門透氣鞋櫃/鞋架/玄關櫃/置物櫃/收納櫃 (工業風棧板設計)\r\n✓ 時尚簡約工業風格造型
✓ 塑合板貼pu防潑水設計
✓ 大容量空間，可收納16雙鞋
✓ 透氣通風孔兼具把手功能
✓ 雙門鞋櫃，有效阻隔灰塵
✓ 可移動層板放置長靴，調整收納空間大小",2499,2499,,,,1,0,"{'1': 'C044306', '2': 'C044302', '3': 'C044304', '4': 'C044307', '5': 'C044308', '6': 'C044303', '7': 'C044301', '8': 'C044314', '9': 'C044532', '10': 'C044313', '11': 'C044534', '12': 'C044305'}",ec
QFAA8D-A9008H8UT,DQCD3G,/items/QFAA8DA9008H8UT/000001_1684994112.jpg,/items/QFAA8DA9008H8UT/000001_1684994112.jpg,《Hopma》雅品雙開四門鞋櫃,"【白櫻桃預購-預計4/25出貨】《HOPMA》美背雅品雙開四門鞋櫃 台灣製造 玄關櫃 開放收納櫃 置物邊櫃\r\n。mit台灣製
。diy自行組裝
。活動板設計調整高度
。深度32cm男鞋也可放
。附門設計讓愛鞋阻隔灰塵",1976,1976,,,,1,0,"{'1': 'C044306', '2': 'C044307', '3': 'C044308', '4': 'C044314', '5': 'C044534', '6': 'C044305'}",ec
DEABHV-A900FX93F,DQCD3G,/items/DEABHVA900FX93F/000001_1673314308.jpg,/items/DEABHVA900FX93F/000001_1673314308.jpg,《HOPMA》樂活加深款二門五格鞋櫃 玄關櫃 開放收納櫃 置物邊櫃 鞋架-白櫻桃,"《HOPMA》樂活加深款二門五格鞋櫃 台灣製造 玄關櫃 開放收納櫃 置物邊櫃 鞋架-白櫻桃\r\n★金屬質感把手
★磁扣開合設計
★層板半圓孔溝槽固定不滑動
★加深款大容量收納

►白櫻桃
►拼版柚木",1273,1273,,,,1,0,[],ec
DEDB8N-A900FUSB5,DQCD02,/items/DEDB8NA900FUSB5/000001_1671436944.jpg,/items/DEDB8NA900FUSB5/000001_1671436944.jpg,BuyJM低甲醛寬100公分可堆疊四門鞋櫃/收納櫃/隔間櫃,"BuyJM低甲醛寬100公分可堆疊四門鞋櫃/收納櫃/隔間櫃\r\n‧四門板設計，分層收納
‧8片活動層板，可調整
‧加寬100公分，更好擺放
‧好收納，可擺放20雙鞋
‧可購買多入上下堆疊
‧台灣製造，品質有保障",1389,1389,,,,1,0,"['C047093', 'C047229', 'C047092', 'C047228', 'C047090', 'C047091', 'C047169', 'C047168']",ec
DQCD3G-A900GGMOW,DQCD3G,/items/DQCD3GA900GGMOW/000001_1688698488.jpg,/items/DQCD3GA900GGMOW/000001_1688698488.jpg,《HOPMA》大容量加寬掀蓋式穿鞋椅 收納坐椅 玄關矮凳 置物鞋櫃-拼版柚木,"《HOPMA》大容量加寬掀蓋式穿鞋椅 台灣製造 收納坐椅 玄關矮凳 置物鞋櫃-拼版柚木\r\n◆產品特色
。mit台灣製造
。diy自行組裝 
。可調整門板活頁、防撞消音墊片
。活動層板設計、開放式大容量空間",1048,1048,,,,1,0,[],ec
DEDB8Q-A900FSDO0,DQCD05,/items/DEDB8QA900FSDO0/000001_1671436463.jpg,/items/DEDB8QA900FSDO0/000001_1671436463.jpg,BuyJM低甲醛加寬可堆疊附門鞋櫃(寬100公分)收納櫃/隔間櫃,"BuyJM低甲醛加寬可堆疊附門鞋櫃(寬100公分)收納櫃/隔間櫃\r\n‧四門板設計，分層收納
‧8片活動層板，可調整
‧加寬100公分，更好擺放
‧好收納，可擺放20雙鞋
‧可購買多入上下堆疊
‧台灣製造，品質有保障",1389,1389,,,,1,0,"['C047093', 'C047229', 'C047092', 'C047228', 'C047090', 'C047091', 'C047169', 'C047168']",ec
DEABHV-A90091YDP,DQCD3G,/items/DEABHVA90091YDP/000001_1530842712.jpg,/items/DEABHVA90091YDP/000001_1530842712.jpg,《HOPMA》樂活三門五層鞋櫃-淺橡木,"《HOPMA》樂活三門五層鞋櫃 台灣製造 玄關櫃 開放收納櫃 置物邊櫃-淺橡(漂流)木\r\n★mit台灣製造
★diy自行組裝
★霧黑金屬質感把手
★高質感實木腳設計

◤淺橡木
◤拼版柚木",1374,1374,,,,1,0,[],ec
DEABHV-A900EN1MA,DQCD3G,/items/DEABHVA900EN1MA/000001_1646116247.jpg,/items/DEABHVA900EN1MA/000001_1646116247.jpg,《HOPMA》大容量二門高鞋櫃-時尚白,"《HOPMA》大容量二門高鞋櫃 台灣製造 玄關櫃 收納櫃 置物邊櫃 鞋架-時尚白\r\n。mit台灣製造
。diy自行組裝 
。活動式層板
。超大容量收納",1388,1388,,,,1,0,"['C047093', 'C047229', 'C047092', 'C047228', 'C047090', 'C047091', 'C047169']",ec
DEDB8P-A900FQZJN,DQCD2G,/items/DEDB8PA900FQZJN/000001_1668157827.jpg,/items/DEDB8PA900FQZJN/000001_1668157827.jpg,【HappyLife】楠竹製半透移門鞋櫃/原色/四層60CM (Y10924),"【HappyLife】楠竹製半透移門鞋櫃/原色/四層60CM (Y10924)\r\n移門設計不占空間
加深寬度32cm
密封防塵
多尺寸搭配",1788,1788,,,,1,0,"['C044306', 'C044307', 'C044308', 'C047093', 'C047229', 'C047092', 'C047228', 'C047090', 'C047091', 'C044314', 'C044534', 'C044305', 'C047169', 'C047167', 'C047162', 'C047168']",ec
DQCD2Z-A900GC9OD,DQCD2Z,/items/DQCD2ZA900GC9OD/000001_1684385361.jpg,/items/DQCD2ZA900GC9OD/000001_1684385361.jpg,【時尚屋】[UF10]貝克2.7尺鞋櫃UF10-033-多色可選/免運費/免組裝/鞋櫃,"【時尚屋】[UF10]貝克2.7尺鞋櫃UF10-033-多色可選/免運費/免組裝/鞋櫃\r\n北歐設計簡約風格
木心板高品質質感
門片採用緩衝後鈕
整體造型讓空間更加寬廣",2299,2299,,,,1,0,"['C044306', 'C044302', 'C044304', 'C044307', 'C044308', 'C044303', 'C047093', 'C047229', 'C047092', 'C047228', 'C047090', 'C047091', 'C044301', 'C044314', 'C044532', 'C044313', 'C044534', 'C044305', 'C047169', 'C047167', 'C047168']",ec
DEABHV-A900EZH5W,DQCD3G,/items/DEABHVA900EZH5W/000001_1651555355.jpg,/items/DEABHVA900EZH5W/000001_1651555355.jpg,《HOPMA》工業風機能二門高鞋櫃-拼版柚木,"《HOPMA》工業風機能二門高鞋櫃 台灣製造 玄關櫃 收納櫃 置物邊櫃 鞋架-拼版柚木\r\ndiy家具
金屬質感把手
可調整門板活頁
附腳粒保護地板被刮傷
防撞墊片貼心設計
透氣孔設計鞋櫃不悶臭",1550,1550,,,,1,0,"['C047093', 'C047229', 'C047092', 'C047228', 'C047090', 'C047091', 'C047169']",ec
QFAAM0-A900AI118,DQCD3G,/items/QFAAM0A900AI118/000001_1685414340.jpg,/items/QFAAM0A900AI118/000001_1685414340.jpg,《HOPMA》歐森加深款二門鞋櫃,"《HOPMA》歐森加深款二門鞋櫃 台灣製造 玄關櫃 開放收納櫃 置物邊櫃\r\n。mit台灣製 。diy自行組裝 
。可調整門板活頁
。高質感實木腳設計
。霧黑質感把手
。透氣孔設計",1924,1924,,,,1,0,"{'1': 'C044306', '2': 'C044307', '3': 'C044308', '4': 'C044314', '5': 'C044534', '6': 'C044305'}",ec
DEABHV-A900FEAWC,DQCD3G,/items/DEABHVA900FEAWC/000001_1660640985.jpg,/items/DEABHVA900FEAWC/000001_1660640985.jpg,《HOPMA》艾爾六層鞋櫃-漂流木,"《HOPMA》艾爾七層鞋櫃 台灣製造 玄關櫃 開放收納櫃 置物邊櫃 鞋架-淺橡(漂流)木\r\n。mit台灣製造
。diy自行組裝 
。可調式活動層板
。30.5cm內深好收納
。導圓角貼心安全設計",1136,1136,,,,1,0,[],ec
DEABHV-A900B18XB,DQCD3G,/items/DEABHVA900B18XB/000001_1648015087.jpg,/items/DEABHVA900B18XB/000001_1648015087.jpg,《HOPMA》工業風四門十層鞋櫃-拼版柚木,"《HOPMA》工業風四門十層鞋櫃 台灣製造 玄關櫃 收納櫃 置物邊櫃 鞋架-拼版柚木\r\ndiy家具
磁扣開合設計
層板半圓孔溝槽固定不滑動
防撞墊片貼心設計
透氣孔設計鞋櫃不悶臭",1350,1350,,,,1,0,"['C047093', 'C047229', 'C047092', 'C047228', 'C047090', 'C047091', 'C047169']",ec
DEABHV-A900AT88U,DQCD3G,/items/DEABHVA900AT88U/000001_1685080792.jpg,/items/DEABHVA900AT88U/000001_1685080792.jpg,《HOPMA》日式雙門六層鞋櫃-黑胡桃,"《HOPMA》日式雙門六層鞋櫃 台灣製造 玄關櫃 收納櫃 置物邊櫃 鞋架-黑胡桃\r\nmit台灣製造 diy傢具
金屬質感把手
磁扣開合設計
層板半圓孔溝槽固定不滑動
附腳粒保護地板被刮傷",1298,1298,,,,1,0,[],ec
DEABHV-A9007NME9,DQCD3G,/items/DEABHVA9007NME9/000001_1557813544.jpg,/items/DEABHVA9007NME9/000001_1557813544.jpg,《Hopma》雅品雙開四門鞋櫃,"《HOPMA》美背雅品雙開四門鞋櫃 台灣製造 玄關收納 大容量置物-白櫻桃\r\n。mit台灣製
。diy自行組裝
。活動板設計調整高度
。深度32cm男鞋也可放
。附門設計讓愛鞋阻隔灰塵",1938,1938,,,,1,0,"{'1': 'C044306', '2': 'C044307', '3': 'C044308', '4': 'C044314', '5': 'C044534', '6': 'C044305'}",ec
DEDB8P-A900FU6RP,DQCD2G,/items/DEDB8PA900FU6RP/000001_1670914190.jpg,/items/DEDB8PA900FU6RP/000001_1670914190.jpg,【HappyLife】楠竹製隙縫玄關鞋櫃/八層40CM (Y10970),"【HappyLife】楠竹製隙縫玄關鞋櫃/八層40CM (Y10970)\r\n塑藤長虹兩款可選
佔地小大容量
天然楠竹
加寬深度",2580,2580,,,,1,0,"['C044306', 'C044302', 'C044304', 'C044307', 'C044308', 'C044303', 'C047093', 'C047229', 'C047092', 'C047228', 'C047090', 'C047091', 'C044301', 'C044314', 'C044532', 'C044313', 'C044534', 'C044305', 'C047169', 'C047167', 'C047162', 'C047168']",ec
DEDB8P-A900FY3JF,DQCD2G,/items/DEDB8PA900FY3JF/000001_1674013863.jpg,/items/DEDB8PA900FY3JF/000001_1674013863.jpg,【HappyLife】楠竹移門鞋櫃/二門60CM (Y11024),"【HappyLife】楠竹移門鞋櫃/二門60CM (Y11024)\r\n移門設計不占空間
加深寬度32cm
密封防塵
加高櫃腳",2480,2480,,,,1,0,"['C044306', 'C044302', 'C044304', 'C044307', 'C044308', 'C044303', 'C047093', 'C047229', 'C047092', 'C047228', 'C047090', 'C047091', 'C044301', 'C044314', 'C044532', 'C044313', 'C044534', 'C044305', 'C047169', 'C047167', 'C047162', 'C047168']",ec
DEDB9C-A900FP00Y,DQCD2H,/items/DEDB9CA900FP00Y/000001_1666921606.jpg,/items/DEDB9CA900FP00Y/000001_1666921606.jpg,Homelike 達夫妮二門鞋櫃(三色可選),"Homelike 達夫妮二門鞋櫃(三色可選)\r\n◆自然的木紋路，美型好搭配
◆附活動層板，可上下調高度
◆雙門設計，防塵收納好乾淨",1499,1499,,,,1,0,"['C047093', 'C047229', 'C047092', 'C047228', 'C047090', 'C047091', 'C047169', 'C047167', 'C047162', 'C047168']",ec
DEABHV-A900C7DD5,DQCD3G,/items/DEABHVA900C7DD5/000001_1640663567.jpg,/items/DEABHVA900C7DD5/000001_1640663567.jpg,《HOPMA》復刻經典五層一掀門鞋櫃/收納櫃/置物櫃/玄關櫃,"《HOPMA》復刻經典七層一掀門鞋櫃 台灣製造 玄關櫃 開放收納櫃 置物邊櫃 鞋架\r\n。mit台灣製造
。diy自行組裝 
。可調式活動層板
。30.5cm內深好收納
。導圓角貼心安全設計",1249,1249,,,,1,0,[],ec
DEABHV-A900AUISC,DQCD3G,/items/DEABHVA900AUISC/000001_1645502193.jpg,/items/DEABHVA900AUISC/000001_1645502193.jpg,《HOPMA》加大加深款二門鞋櫃-拼版柚木,"《HOPMA》加大加深款二門鞋櫃 台灣製造 玄關櫃 收納櫃 置物邊櫃 鞋架-拼版柚木\r\n。mit台灣製 
。diy自行組裝 
。可調整門板活頁
。高質感實木腳設計
。霧黑質感把手
。透氣孔設計

▼兩色可選▼
白櫻桃拼版柚木",1923,1923,,,,1,0,"{'1': 'C044306', '2': 'C044307', '3': 'C044308', '4': 'C044314', '5': 'C044534', '6': 'C044305'}",ec
DQCD2Z-A900GC9N5,DQCD2Z,/items/DQCD2ZA900GC9N5/000001_1684384041.jpg,/items/DQCD2ZA900GC9N5/000001_1684384041.jpg,【時尚屋】[UF10]貝克3尺座鞋櫃UF10-031-多色可選/免運費/免組裝/鞋櫃,"【時尚屋】[UF10]貝克3尺座鞋櫃UF10-031-多色可選/免運費/免組裝/鞋櫃\r\n北歐設計簡約風格
木心板高品質質感
門片採用緩衝後鈕
整體造型讓空間更加寬廣",2170,2170,,,,1,0,"['C044306', 'C044302', 'C044304', 'C044307', 'C044308', 'C044303', 'C047093', 'C047229', 'C047092', 'C047228', 'C047090', 'C047091', 'C044301', 'C044314', 'C044532', 'C044313', 'C044534', 'C044305', 'C047169', 'C047167', 'C047168']",ec
DEDB8P-A900FU6QO,DQCD2G,/items/DEDB8PA900FU6QO/000001_1670913707.jpg,/items/DEDB8PA900FU6QO/000001_1670913707.jpg,【HappyLife】楠竹製隙縫玄關鞋櫃/四層40CM (Y10968),"【HappyLife】楠竹製隙縫玄關鞋櫃/四層40CM (Y10968)\r\n塑藤長虹兩款可選
佔地小大容量
天然楠竹
加寬深度",1368,1368,,,,1,0,"['C047093', 'C047229', 'C047092', 'C047228', 'C047090', 'C047091', 'C047169', 'C047167', 'C047162', 'C047168']",ec
DEDB9C-A900FP07L,DQCD2H,/items/DEDB9CA900FP07L/000001_1666924484.jpg,/items/DEDB9CA900FP07L/000001_1666924484.jpg,Homelike 達夫妮置物櫃二件組/書櫃/鞋櫃(三色可選),"Homelike 達夫妮置物櫃二件組/書櫃/鞋櫃(三色可選)\r\n◆實用的兩件組合，收納升級
◆自然的木紋路，美型好搭配
◆門櫃設計，防塵收納好乾淨",2336,2336,,,,1,0,"['C044306', 'C044302', 'C044304', 'C044307', 'C044308', 'C044303', 'C047093', 'C047229', 'C047092', 'C047228', 'C047090', 'C047091', 'C044301', 'C044314', 'C044532', 'C044313', 'C044534', 'C044305', 'C047169', 'C047167', 'C047162', 'C047168']",ec
DEABHV-A900FMI6X,DQCD3G,/items/DEABHVA900FMI6X/000001_1664947323.jpg,/items/DEABHVA900FMI6X/000001_1664947323.jpg,《Hopma》木質二門四層收納櫃 儲藏櫃 書櫃 置物櫃 玄關櫃 門櫃 鞋櫃 收藏櫃 美背,"《HOPMA》美背木質二門四層收納櫃 台灣製造 儲藏櫃 書櫃 置物櫃 玄關櫃 門櫃 鞋櫃 收藏櫃\r\n。mit台灣製造
。diy自行組裝 
。美背設計
。可堆疊組合
。活動層板任意擺放",1313,1313,,,,1,0,[],ec
DQCD01-A900GTN2X,DQCD01,/items/DQCD01A900GTN2X/000001_1699579494.jpg,/items/DQCD01A900GTN2X/000001_1699579494.jpg,《C&B》鋼鐵瑞特寬度60cm置物櫃四門鞋櫃,"《C&B》鋼鐵瑞特寬度60cm置物櫃四門鞋櫃\r\n◆ 新款架高式地面易清理 
◆ 門板可當留言板 
◆ 下拉式門板收納量大 
◆ 鞋架內有兩塊活動層板 
◆ 貼心透氣孔通風佳 
◆ 單抽設計可收納小物 
◆ 最多可收納達27雙鞋
◆→還有【四門】",2688,2688,,,,1,0,"{'1': 'C044306', '2': 'C044302', '3': 'C044304', '4': 'C044307', '5': 'C044308', '6': 'C044303', '7': 'C044301', '8': 'C044314', '9': 'C044532', '10': 'C044313', '11': 'C044534', '12': 'C044305'}",ec
DEABHV-A900FZ0XE,DQCD3G,/items/DEABHVA900FZ0XE/000001_1675305078.jpg,/items/DEABHVA900FZ0XE/000001_1675305078.jpg,《HOPMA》實木腳滑門鞋櫃 玄關櫃 收納櫃 邊櫃 鞋架-黑胡桃配拼版柚木,"《HOPMA》實木腳滑門鞋櫃 台灣製造 玄關櫃 收納櫃 邊櫃 鞋架-黑胡桃配拼版柚木\r\n◆產品特色
。mit台灣製造
。diy自行組裝 
。可調滑門間隙滑輪
。美背設計
。透氣孔設計",2688,2688,,,,1,0,"{'1': 'C044306', '2': 'C044302', '3': 'C044304', '4': 'C044307', '5': 'C044308', '6': 'C044303', '7': 'C044301', '8': 'C044314', '9': 'C044532', '10': 'C044313', '11': 'C044534', '12': 'C044305'}",ec
DEABHV-A900FV68X,DQCD3G,/items/DEABHVA900FV68X/000001_1671679953.jpg,/items/DEABHVA900FV68X/000001_1671679953.jpg,《HOPMA》實木腳滑門鞋櫃 玄關櫃 收納櫃 邊櫃 鞋架-淺橡木(漂流木)配木紋白,"《HOPMA》實木腳滑門鞋櫃 台灣製造 玄關櫃 收納櫃 邊櫃 鞋架-淺橡木(漂流木)配木紋白\r\n◆產品特色
。mit台灣製造
。diy自行組裝 
。可調滑門間隙滑輪
。美背設計
。透氣孔設計",2688,2688,,,,1,0,"{'1': 'C044306', '2': 'C044302', '3': 'C044304', '4': 'C044307', '5': 'C044308', '6': 'C044303', '7': 'C044301', '8': 'C044314', '9': 'C044532', '10': 'C044313', '11': 'C044534', '12': 'C044305'}",ec
DEABHV-A900EX11S,DQCD3G,/items/DEABHVA900EX11S/000001_1650261652.jpg,/items/DEABHVA900EX11S/000001_1650261652.jpg,《HOPMA》典雅大容量通風滑門鞋櫃/收納櫃/置物櫃/玄關櫃,"《HOPMA》典雅大容量通風滑門鞋櫃 台灣製造 玄關櫃 開放收納櫃 置物邊櫃\r\n。mit台灣製造。diy自行組裝 
。可調滑門間隙滑輪。美背設計
。透氣孔設計",2727,2727,,,,1,0,"{'1': 'C044306', '2': 'C044302', '3': 'C044304', '4': 'C044307', '5': 'C044308', '6': 'C044303', '7': 'C044301', '8': 'C044314', '9': 'C044532', '10': 'C044313', '11': 'C044534', '12': 'C044305'}",ec
DEABHV-A900B0RK1,DQCD3G,/items/DEABHVA900B0RK1/000001_1685066092.jpg,/items/DEABHVA900B0RK1/000001_1685066092.jpg,《HOPMA》加大加深款二門高鞋櫃-漂流木,"《HOPMA》加大加深款二門高鞋櫃 台灣製造 玄關櫃 收納櫃 置物邊櫃-淺橡(漂流)木\r\n★mit台灣製造★diy自行組裝
★可調整門版活頁
★40雙加深大容量大空間
★透氣孔設計鞋櫃通風不悶臭",2725,2725,,,,1,0,"{'1': 'C044306', '2': 'C044302', '3': 'C044304', '4': 'C044307', '5': 'C044308', '6': 'C044303', '7': 'C044301', '8': 'C044314', '9': 'C044532', '10': 'C044313', '11': 'C044534', '12': 'C044305'}",ec
DEABHV-A900AY7NY,DQCD3G,/items/DEABHVA900AY7NY/000001_1685066036.jpg,/items/DEABHVA900AY7NY/000001_1685066036.jpg,《HOPMA》加大加深款二門高鞋櫃-胡桃木色,"《HOPMA》加大加深款二門高鞋櫃 台灣製造 玄關櫃 收納櫃 置物邊櫃-胡桃木\r\n★mit台灣製造★diy自行組裝
★可調整門版活頁
★40雙加深大容量大空間
★透氣孔設計鞋櫃通風不悶臭",2725,2725,,,,1,0,"{'1': 'C044306', '2': 'C044302', '3': 'C044304', '4': 'C044307', '5': 'C044308', '6': 'C044303', '7': 'C044301', '8': 'C044314', '9': 'C044532', '10': 'C044313', '11': 'C044534', '12': 'C044305'}",ec
QFAA8D-A900923NX,DQCD3G,/items/QFAA8DA900923NX/000001_1530236774.jpg,/items/QFAA8DA900923NX/000001_1530236774.jpg,《HOPMA》穩固大容量高鞋櫃,"《HOPMA》穩固大容量高鞋櫃 台灣製造 玄關櫃 開放收納櫃 置物邊櫃\r\n。mit台灣製 
。diy自行組裝 
。深度40公分，可放40雙鞋 
。透氣孔設計 
。五片活動板設計",2736,2736,,,,1,0,"{'1': 'C044306', '2': 'C044302', '3': 'C044304', '4': 'C044307', '5': 'C044308', '6': 'C044303', '7': 'C044301', '8': 'C044314', '9': 'C044532', '10': 'C044313', '11': 'C044534', '12': 'C044305'}",ec
DEABHV-A900AK0CC,DQCD3G,/items/DEABHVA900AK0CC/000001_1584340298.jpg,/items/DEABHVA900AK0CC/000001_1584340298.jpg,《HOPMA》樂活雙門四格鞋櫃-楓木配白,"《HOPMA》樂活雙門四格鞋櫃 台灣製造 玄關櫃 收納櫃 置物櫃 鞋架-楓木配白\r\n■ 磁扣開合設計
■ 層板半圓孔溝槽固定不滑動
■ 香菇造形趣味把手",768,768,,,,1,0,"['C047093', 'C047229', 'C047092', 'C047228', 'C047090', 'C047091', 'C047169']",ec
QFAA92-A900ACGVI,DQCD2B,/items/QFAA92A900ACGVI/000001_1591865429.jpg,/items/QFAA92A900ACGVI/000001_1591865429.jpg,Boden-克利2尺坐鞋櫃/穿鞋椅,"Boden-克利2尺坐鞋櫃/穿鞋椅\r\n簡約大方造型，質感居家擺設
嚴選防蛀木心板製作，穩固耐用
開放式的設計，節省開合空間
附活動隔板一片，輕鬆調整間距
柔軟舒適的坐墊，坐著穿鞋無負擔
防滑腳粒設計，保護地板不被刮傷
專人送到府／免組裝！

▼共有座鞋櫃│開放鞋櫃可選",2794,2794,,,,1,0,"{'1': 'C044306', '2': 'C044302', '3': 'C044304', '4': 'C044307', '5': 'C044308', '6': 'C044303', '7': 'C044301', '8': 'C044314', '9': 'C044532', '10': 'C044313', '11': 'C044534', '12': 'C044305'}",ec
DEDB8Q-A900FSDO3,DQCD05,/items/DEDB8QA900FSDO3/000001_1669448344.jpg,/items/DEDB8QA900FSDO3/000001_1669448344.jpg,BuyJM低甲醛加寬雙層堆疊附門鞋櫃(寬100x高155公分)/置物櫃,"BuyJM低甲醛加寬雙層堆疊附門鞋櫃(寬100x高155公分)/置物櫃\r\n‧上下八門板設計，分層收納
‧單組有8片活動層板，可調整
‧加寬100公分，更好擺放
‧好收納，可擺放50雙鞋
‧可上下堆疊也可分開兩座
‧台灣製造，品質有保障",2850,2850,,,,1,0,"['C044306', 'C044302', 'C044304', 'C044307', 'C044308', 'C044303', 'C047093', 'C047229', 'C047092', 'C047228', 'C047090', 'C047091', 'C044301', 'C044314', 'C044532', 'C044313', 'C044534', 'C044305', 'C047169', 'C047167', 'C047162', 'C047168']",ec
DEAB4Q-A900AWG7G,DQCD00,/items/DEAB4QA900AWG7G/000001_1601364490.jpg,/items/DEAB4QA900AWG7G/000001_1601364490.jpg,【fioJa 費歐家】 側開式 1列6層 組合鞋櫃 鞋架(鞋櫃 組合鞋櫃 ),"【fioJa 費歐家】 側開式 1列6層 組合鞋櫃\r\n讓您的鞋子有舒適空間!井然有序的排排站
鞋櫃可調整隔板，自由彈性運用~
收納各尺寸大鞋、小鞋更方便~

組裝容易 美觀大方
透明門板 一覽無遺",748,748,,,,1,0,"['C047093', 'C047229', 'C047092', 'C047228', 'C047090', 'C047091', 'C047244', 'C047169', 'C047242', 'C047246', 'C047167', 'C047243', 'C047168']",ec
DEDB8L-A900B6OHD,DQCD00,/items/DEDB8LA900B6OHD/000001_1615441089.jpg,/items/DEDB8LA900B6OHD/000001_1615441089.jpg,【fioJa費歐家】3門6層大容量上掀式鞋櫃(收納/置物),"【fioJa費歐家】3門6層大容量掀式多層鞋櫃(收納/置物)\r\n掀蓋式附門設計，防塵保護愛鞋有專屬的空間~
在視覺上也可以讓空間更加簡潔美觀！

加大加寬設計，適合不同收納、置物、鞋櫃…等都好放喔~
中間層固定板設計，增加鞋櫃結構的穩固性，使用更安全~

下單選購前參考組裝影片
檔案名稱:組裝上掀式置物櫃 鞋櫃
https:  youtu.be 8no85toychk",748,748,,,,1,0,"['C047093', 'C047229', 'C047092', 'C047228', 'C047090', 'C047091', 'C047244', 'C047169', 'C047242', 'C047246', 'C047167', 'C047243', 'C047168']",ec
DEDB8P-A900FHZP4,DQCD2G,/items/DEDB8PA900FHZP4/000001_1663579870.jpg,/items/DEDB8PA900FHZP4/000001_1663579870.jpg,【HappyLife】楠竹製壓克力櫃門矮鞋櫃/四門132CM (Y10817),"【HappyLife】楠竹製壓克力櫃門矮鞋櫃/四門132CM (Y10817)\r\n天然楠竹材質
可坐可置物
鞋靴輕鬆收納
桶裝水實測80kg",2868,2868,,,,1,0,"['C044306', 'C044302', 'C044304', 'C044307', 'C044308', 'C044303', 'C047093', 'C047229', 'C047092', 'C047228', 'C047090', 'C047091', 'C044301', 'C044314', 'C044532', 'C044313', 'C044534', 'C044305', 'C047169', 'C047167', 'C047162', 'C047168']",ec
DEDB8P-A900FHZEC,DQCD2G,/items/DEDB8PA900FHZEC/000001_1663576736.jpg,/items/DEDB8PA900FHZEC/000001_1663576736.jpg,【HappyLife】楠竹製網紋櫃門矮鞋櫃/四門132CM (Y10814),"【HappyLife】楠竹製網紋櫃門矮鞋櫃/四門132CM (Y10814)\r\n天然楠竹材質
可坐可置物
鞋靴輕鬆收納
桶裝水實測80kg",2868,2868,,,,1,0,"['C044306', 'C044302', 'C044304', 'C044307', 'C044308', 'C044303', 'C047093', 'C047229', 'C047092', 'C047228', 'C047090', 'C047091', 'C044301', 'C044314', 'C044532', 'C044313', 'C044534', 'C044305', 'C047169', 'C047167', 'C047162', 'C047168']",ec
DQCD0D-A900GKUYO,DQCD0D,/items/DQCD0DA900GKUYO/000001_1692068667.jpg,/items/DQCD0DA900GKUYO/000001_1692068667.jpg,鞋櫃簡易家用門口簡約現代小型玄關宿舍鞋架收納,鞋櫃簡易家用門口簡約現代小型玄關宿舍鞋架收納\r\n,2879,2879,,,,1,0,"['C044306', 'C044302', 'C044304', 'C044307', 'C044308', 'C044303', 'C047093', 'C047229', 'C047092', 'C047228', 'C047090', 'C047091', 'C044301', 'C044314', 'C044532', 'C044313', 'C044534', 'C044305', 'C047244', 'C047169', 'C047242', 'C047246', 'C047167', 'C047162', 'C047243', 'C047168']",ec
QFCB19-A900AP1EJ,DQCD2G,/items/QFCB19A900AP1EJ/000001_1591167185.jpg,/items/QFCB19A900AP1EJ/000001_1591167185.jpg,【HappyLife】楠竹製三門六層鞋櫃/寬88公分/單抽 (YV9925),"【HappyLife】楠竹製三門六層鞋櫃/寬88公分/單抽 (YV9925)\r\n帶門設計	大容量收納
全密封背板、側板
多元收納空間",2880,2880,,,,1,0,"['C044306', 'C044302', 'C044304', 'C044307', 'C044308', 'C044303', 'C047093', 'C047229', 'C047092', 'C047228', 'C047090', 'C047091', 'C044301', 'C044314', 'C044532', 'C044313', 'C044534', 'C044305', 'C047169', 'C047167', 'C047162', 'C047168']",ec
QFAA8K-A9008RL7Z,DQCD29,/items/QFAA8KA9008RL7Z/000001_1666776318.jpg,/items/QFAA8KA9008RL7Z/000001_1666776318.jpg,ATHOME-日系簡約2尺白木紋二門單抽鞋櫃(60*33*95cm)維尼,"ATHOME-日系簡約2尺白木紋二門單抽鞋櫃(60*33*95cm)維尼\r\n◆高級mdf板材
◆細緻木質紋理
◆多重收納空間
‧專人送到府／免組裝

-----------------------
▼同系列共有
2.1尺掀式鞋櫃
2尺二門鞋櫃
2.7尺二門二抽鞋櫃
3.3尺二抽三門鞋櫃可選",2887,2887,,,,1,0,"['C044306', 'C044302', 'C044304', 'C044307', 'C044308', 'C044303', 'C044301', 'C044314', 'C044532', 'C044313', 'C044534', 'C044305']",ec
QFCB15-A900A8M67,DQCD0C,/items/QFCB15A900A8M67/000001_1567595133.jpg,/items/QFCB15A900A8M67/000001_1567595133.jpg,【家適帝】創新雙骨加穩多格收納鞋櫃 (8層/14格),"【家適帝】創新雙骨加穩多格收納鞋櫃 (8層/14格)\r\n※新一代堅固加厚板材鞋架
※層板可變更位置，適合各種高度的鞋類
※具備兩種小物收納空間，時尚又實用
※占地空間少，充分利用垂直收納
※板材表面多層保護膜，防水耐髒
※日式優雅配色，兩種格數、各三色可選",740,740,,,,1,0,"['C047093', 'C047229', 'C047092', 'C047228', 'C047090', 'C047091', 'C047244', 'C047169', 'C047242', 'C047246', 'C047243', 'C047168']",ec
DQCD3Q-A900GCA4W,DQCD3Q,/items/DQCD3QA900GCA4W/000001_1684391676.jpg,/items/DQCD3QA900GCA4W/000001_1684391676.jpg,Bernice-奧柏2尺坐鞋櫃/穿鞋椅,"Bernice-奧柏2尺坐鞋櫃/穿鞋椅\r\n簡約大方造型，質感居家擺設
嚴選防蛀木心板製作，穩固耐用
開放式的設計，節省開合空間
附活動隔板一片，輕鬆調整間距
柔軟舒適的坐墊，坐著穿鞋無負擔
防滑腳粒設計，保護地板不被刮傷
專人送到府／免組裝！",2942,2942,,,,1,0,"{'1': 'C044306', '2': 'C044302', '3': 'C044304', '4': 'C044307', '5': 'C044308', '6': 'C044303', '7': 'C044301', '8': 'C044314', '9': 'C044532', '10': 'C044313', '11': 'C044534', '12': 'C044305'}",ec
DQCD2Z-A900GC9OH,DQCD2Z,/items/DQCD2ZA900GC9OH/000001_1684384636.jpg,/items/DQCD2ZA900GC9OH/000001_1684384636.jpg,【時尚屋】[UF10]貝克4尺座鞋櫃UF10-032-多色可選/免運費/免組裝/鞋櫃,"【時尚屋】[UF10]貝克4尺座鞋櫃UF10-032-多色可選/免運費/免組裝/鞋櫃\r\n北歐設計簡約風格
木心板高品質質感
門片採用緩衝後鈕
整體造型讓空間更加寬廣",2951,2951,,,,1,0,"['C044306', 'C044302', 'C044304', 'C044307', 'C044308', 'C044303', 'C047093', 'C047229', 'C047092', 'C047228', 'C047090', 'C047091', 'C044301', 'C044314', 'C044532', 'C044313', 'C044534', 'C044305', 'C047169', 'C047167', 'C047168']",ec
DQCD3C-A900GOEGY,DQCD3C,/items/DQCD3CA900GOEGY/000001_1695262767.jpg,/items/DQCD3CA900GOEGY/000001_1695262767.jpg,【RICHOME】南洋風情鞋櫃,"【RICHOME】南洋風情鞋櫃\r\n✓ 低甲醛環保材質，使用更安心
✓ 緩衝門紐設計，開關門更安全
✓ 可收納擺放各式小物 鞋類好方便
✓ 藤編透氣拉門、開放式收納設計，鞋子不怕悶臭
✓ 椅腳鐵架設計更堅固耐用",2975,2975,,,,1,0,"{'1': 'C044306', '2': 'C044302', '3': 'C044304', '4': 'C044307', '5': 'C044308', '6': 'C044303', '7': 'C044301', '8': 'C044314', '9': 'C044532', '10': 'C044313', '11': 'C044534', '12': 'C044305'}",ec
DEDB8Z-A900FBVOG,DQCD0C,/items/DEDB8ZA900FBVOG/000001_1658820665.jpg,/items/DEDB8ZA900FBVOG/000001_1658820665.jpg,肯尼士2尺坐式鞋櫃,肯尼士2尺坐式鞋櫃\r\n,3079,3079,,,,1,0,"{'1': 'C044306', '2': 'C044302', '3': 'C044304', '4': 'C044307', '5': 'C044308', '6': 'C044303', '7': 'C044301', '8': 'C044314', '9': 'C044532', '10': 'C044313', '11': 'C044534', '12': 'C044305'}",ec
DQCD04-A900GRL2S,DQCD04,/items/DQCD04A900GRL2S/000001_1698224034.jpg,/items/DQCD04A900GRL2S/000001_1698224034.jpg,【HappyLife】玄關雲杉翻斗鞋櫃/三門120CM (Y11498),【HappyLife】玄關雲杉翻斗鞋櫃/三門120CM (Y11498)\r\n,3099,3099,,,,1,0,"['C044306', 'C044302', 'C044304', 'C044307', 'C044308', 'C044303', 'C047093', 'C047229', 'C047092', 'C047228', 'C047090', 'C047091', 'C044301', 'C044314', 'C044532', 'C044313', 'C044534', 'C044305', 'C047169', 'C047167', 'C047162', 'C047168']",ec
DEDB8P-A900FTK5U,DQCD04,/items/DEDB8PA900FTK5U/000001_1670315224.jpg,/items/DEDB8PA900FTK5U/000001_1670315224.jpg,【慢慢家居】輕奢美背三門一抽大容量收納鞋櫃-4尺加深 (收納櫃 櫥櫃 餐櫃),"【慢慢家居】輕奢美背三門一抽大容量收納鞋櫃-4尺加深 (收納櫃 櫥櫃 餐櫃)\r\n輕奢四尺大容量 經典灰白可選

※金屬把手櫃腳，質感升級
※4層活動層板 自由可調
※層板角度可調整 平行傾斜任選 
※底部加高 空間再利用
※獨創複合背板 自帶透氣孔
※圓弧邊角 安心防撞",3102,3102,,,,1,0,"{'1': 'C044306', '2': 'C044302', '3': 'C044304', '4': 'C044307', '5': 'C044308', '6': 'C044303', '7': 'C044301', '8': 'C044314', '9': 'C044532', '10': 'C044313', '11': 'C044534', '12': 'C044305'}",ec
DEAB4Q-A900AWNH0,DQCD01,/items/DEAB4QA900AWNH0/000001_1661948803.jpg,/items/DEAB4QA900AWNH0/000001_1661948803.jpg,【fioJa 費歐家】 側開式 2列3層 組合鞋櫃 鞋架(鞋櫃 組合鞋櫃 ),"【fioJa 費歐家】 側開式 2列3層 組合鞋櫃 大容量多層組合收納鞋櫃\r\n讓您的鞋子有舒適空間!井然有序的排排站
鞋櫃可調整隔板，自由彈性運用~
收納各尺寸大鞋、小鞋更方便~

大容量多層組合收納鞋櫃，告別到處找鞋，
隔板可自由調整，短靴、長靴皆可輕鬆放置！
拆裝方便。擁有超大容量，完美收納你的愛鞋們！
堅固耐用，品質保證，買就附贈雨傘架喔！",672,672,,,,1,0,"['C047093', 'C047229', 'C047092', 'C047228', 'C047090', 'C047091', 'C047244', 'C047169', 'C047242', 'C047246', 'C047167', 'C047243', 'C047168']",ec
DEABHV-A900FT2HT,DQCD3G,/items/DEABHVA900FT2HT/000001_1687745189.jpg,/items/DEABHVA900FT2HT/000001_1687745189.jpg,《HOPMA》加大加深四門大容量鞋櫃-黑胡桃拼版柚木,"《HOPMA》加大加深四門大容量鞋櫃 台灣製造 玄關櫃 收納櫃 置物邊櫃-黑胡桃拼版柚木\r\n。mit台灣製造
。diy自行組裝 
。可調式活動層板
。透氣孔設計
。霧黑質感把手

▼2色可選▼
→【白櫻桃】
→【黑胡桃拼版柚木】",3188,3188,,,,1,0,"{'1': 'C044306', '2': 'C044302', '3': 'C044304', '4': 'C044307', '5': 'C044308', '6': 'C044303', '7': 'C044301', '8': 'C044314', '9': 'C044532', '10': 'C044313', '11': 'C044534', '12': 'C044305'}",ec
DEABHV-A900FN2VM,DQCD3G,/items/DEABHVA900FN2VM/000001_1687745267.jpg,/items/DEABHVA900FN2VM/000001_1687745267.jpg,《HOPMA》加大加深四門大容量鞋櫃 玄關櫃 收納櫃 鞋架-白櫻桃,"《HOPMA》加大加深四門大容量鞋櫃 台灣製造 玄關櫃 收納櫃 鞋架-白櫻桃\r\n。mit台灣製造
。diy自行組裝 
。可調式活動層板
。透氣孔設計
。霧黑質感把手

▼2色可選▼
→【白櫻桃】
→【黑胡桃拼版柚木】",3188,3188,,,,1,0,"{'1': 'C044306', '2': 'C044302', '3': 'C044304', '4': 'C044307', '5': 'C044308', '6': 'C044303', '7': 'C044301', '8': 'C044314', '9': 'C044532', '10': 'C044313', '11': 'C044534', '12': 'C044305'}",ec
QFAA8D-A9008XK8R,DQCD3G,/items/QFAA8DA9008XK8R/000001_1685415050.jpg,/items/QFAA8DA9008XK8R/000001_1685415050.jpg,《HOPMA》多功能開放式五層鞋櫃,"《HOPMA》多功能開放式五層鞋櫃 台灣製造 玄關櫃 開放收納櫃 置物邊櫃\r\n。mit台灣製造
。diy商品
。歐盟等級e1塑合板
。可放21雙鞋
。簍空設計達到通風透氣效果",663,663,,,,1,0,[],ec
DEABQA-A900F3P7B,DQCD3G,/items/DEABQAA900F3P7B/000001_1653643304.jpg,/items/DEABQAA900F3P7B/000001_1653643304.jpg,《HOPMA》雅緻加深款四門鞋櫃/收納櫃/置物櫃/玄關櫃,"《HOPMA》雅緻加深款四門鞋櫃 台灣製造 玄關櫃 開放收納櫃 置物邊櫃\r\n。mit台灣製造。diy自行組裝 
。可調式活動層板。透氣孔設計
。霧黑質感把手",3251,3251,,,,1,0,"{'1': 'C044306', '2': 'C044302', '3': 'C044304', '4': 'C044307', '5': 'C044308', '6': 'C044303', '7': 'C044301', '8': 'C044314', '9': 'C044532', '10': 'C044313', '11': 'C044534', '12': 'C044305'}",ec
DEDD1G-A900AYQW8,DQCD2G,/items/DEDD1GA900AYQW8/000001_1604222622.jpg,/items/DEDD1GA900AYQW8/000001_1604222622.jpg,【HappyLife】楠竹製11層翻門鞋櫃/寬60公分 (Y10041),"【HappyLife】楠竹製11層翻門鞋櫃/寬60公分 (Y10041)\r\n多功能多層大容量設計
背部密封複合檔板
掀蓋後可推入收納
深度加深33cm",3260,3260,,,,1,0,"['C044306', 'C044302', 'C044304', 'C044307', 'C044308', 'C044303', 'C047093', 'C047229', 'C047092', 'C047228', 'C047090', 'C047091', 'C044301', 'C044314', 'C044532', 'C044313', 'C044534', 'C044305', 'C047169', 'C047167', 'C047162', 'C047168']",ec
DEDB8P-A900FU6SO,DQCD2G,/items/DEDB8PA900FU6SO/000001_1670914749.jpg,/items/DEDB8PA900FU6SO/000001_1670914749.jpg,【HappyLife】楠竹製隙縫玄關鞋櫃/十層40CM (Y10971),"【HappyLife】楠竹製隙縫玄關鞋櫃/十層40CM (Y10971)\r\n塑藤長虹兩款可選
佔地小大容量
天然楠竹
加寬深度",3288,3288,,,,1,0,"['C044306', 'C044302', 'C044304', 'C044307', 'C044308', 'C044303', 'C047093', 'C047229', 'C047092', 'C047228', 'C047090', 'C047091', 'C044301', 'C044314', 'C044532', 'C044313', 'C044534', 'C044305', 'C047169', 'C047167', 'C047162', 'C047168']",ec
QFCB15-A900A8M3Z,DQCD0C,/items/QFCB15A900A8M3Z/000001_1567591532.jpg,/items/QFCB15A900A8M3Z/000001_1567591532.jpg,【家適帝】創新雙骨加穩多格收納鞋櫃 (7層/12格),"【家適帝】創新雙骨加穩多格收納鞋櫃 (7層/12格)\r\n※新一代堅固加厚板材鞋架
※層板可變更位置，適合各種高度的鞋類
※具備兩種小物收納空間，時尚又實用
※占地空間少，充分利用垂直收納
※板材表面多層保護膜，防水耐髒
※日式優雅配色，兩種格數、各三色可選",650,650,,,,1,0,"['C047093', 'C047229', 'C047092', 'C047228', 'C047090', 'C047091', 'C047244', 'C047169', 'C047242', 'C047246', 'C047243', 'C047168']",ec
DQCD01-A900G8O96,DQCD29,/items/DQCD01A900G8O96/000001_1681713709.jpg,/items/DQCD01A900G8O96/000001_1681713709.jpg,【AT HOME】史翠2.3尺白色三門掀式鞋櫃,"【AT HOME】史翠2.3尺白色三門掀式鞋櫃\r\n現代簡約風格
嚴選高級mdf材料
免組裝",3300,3300,,,,1,0,"['C044306', 'C044302', 'C044304', 'C044307', 'C044308', 'C044303', 'C044301', 'C044314', 'C044532', 'C044313', 'C044534', 'C044305']",ec
QFAAL0-A900A3LSQ,DQCD28,/items/QFAAL0A900A3LSQ/000001_1681808105.jpg,/items/QFAAL0A900A3LSQ/000001_1681808105.jpg,ASSARI-輕量鋁合金2.5尺開放鞋櫃(附輪)(寬74*深36*高103cm),"限時降▼原價$2890ASSARI-輕量鋁合金2.5尺開放鞋櫃(附輪)(寬74*深36*高103cm)\r\n輕巧收納，不占空間	
穩固耐用零甲醛	
100%臺灣製	
專人送到府，免組裝",3379,3379,,,,1,0,"{'1': 'C044306', '2': 'C044302', '3': 'C044304', '4': 'C044307', '5': 'C044308', '6': 'C044303', '7': 'C044301', '8': 'C044314', '9': 'C044532', '10': 'C044313', '11': 'C044534', '12': 'C044305'}",ec
QFAB4G-A9007FWU7,DQCD3L,/items/QFAB4GA9007FWU7/000001_1679728380.jpg,/items/QFAB4GA9007FWU7/000001_1679728380.jpg,【Sato】GENKA時間絮語雙門鞋櫃‧幅58cm,"【Sato】GENKA時間絮語雙門鞋櫃‧幅58cm\r\n◆ 究極細膩，卓越日本品牌
◆ 日本專用環保耐久蜂巢板
◆ 大容量最多收納 15 雙鞋
◆ 透氣孔設計，5 層置物空間
◆ 美背設計，不易受潮與發霉
◆ 實木腳提升承重，更加耐用",3414,3414,,,,1,0,"['C044306', 'C044302', 'C044304', 'C044307', 'C044308', 'C044303', 'C047093', 'C047229', 'C047092', 'C047228', 'C047090', 'C047091', 'C044301', 'C044314', 'C044532', 'C044313', 'C044534', 'C044305', 'C047169', 'C047167', 'C047162', 'C047168']",ec
DEDB8S-A900FHUBH,DQCD2G,/items/DEDB8SA900FHUBH/000001_1663317347.jpg,/items/DEDB8SA900FHUBH/000001_1663317347.jpg,【HappyLife】楠竹玄關衣帽收納鞋櫃/原色100CM (Y10807),"【HappyLife】楠竹玄關衣帽收納鞋櫃/原色100CM (Y10807)\r\n一櫃多用 多元置物
雙排掛勾
寬敞平台
向下翻門設計",3468,3468,,,,1,0,"['C044306', 'C044302', 'C044304', 'C044307', 'C044308', 'C044303', 'C047093', 'C047229', 'C047092', 'C047228', 'C047090', 'C047091', 'C044301', 'C044314', 'C044532', 'C044313', 'C044534', 'C044305', 'C047169', 'C047167', 'C047162', 'C047168']",ec
DQCD04-A900GBIYK,DQCD04,/items/DQCD04A900GBIYK/000001_1683863128.jpg,/items/DQCD04A900GBIYK/000001_1683863128.jpg,【HappyLife】玄關翻斗鞋櫃/三門單層120CM (Y11156),"【HappyLife】玄關翻斗鞋櫃/三門單層120CM (Y11156)\r\n佔地面積小
多層款式搭配選擇
加高櫃腳
翻門好收納",3488,3488,,,,1,0,"['C044306', 'C044302', 'C044304', 'C044307', 'C044308', 'C044303', 'C047093', 'C047229', 'C047092', 'C047228', 'C047090', 'C047091', 'C044301', 'C044314', 'C044532', 'C044313', 'C044534', 'C044305', 'C047169', 'C047167', 'C047162', 'C047168']",ec
DEDB8P-A900FU6TM,DQCD2G,/items/DEDB8PA900FU6TM/000001_1670914886.jpg,/items/DEDB8PA900FU6TM/000001_1670914886.jpg,【HappyLife】楠竹製隙縫玄關鞋櫃/十一層40CM (Y10972),"【HappyLife】楠竹製隙縫玄關鞋櫃/十一層40CM (Y10972)\r\n塑藤長虹兩款可選
佔地小大容量
天然楠竹
加寬深度",3488,3488,,,,1,0,"['C044306', 'C044302', 'C044304', 'C044307', 'C044308', 'C044303', 'C047093', 'C047229', 'C047092', 'C047228', 'C047090', 'C047091', 'C044301', 'C044314', 'C044532', 'C044313', 'C044534', 'C044305', 'C047169', 'C047167', 'C047162', 'C047168']",ec
DEABDE-A900BB5MT,DQCD3C,/items/DEABDEA900BB5MT/000001_1619698374.jpg,/items/DEABDEA900BB5MT/000001_1619698374.jpg,【RICHOME】米德蘭鏡面玄關鞋櫃,"【RICHOME】米德蘭鏡面玄關鞋櫃/鞋架/玄關櫃/置物櫃/收納櫃/鏡面櫃 (梳妝鏡面設計)\r\n✓ 高180公分經典木紋玄關置物收納
✓ 頂層空櫃設計，可放置物品
✓ 雙掛勾設計，吊掛衣帽好方便
✓ 底層抽屜收納，滑軌設計順暢開關
✓ 可平坐於置物檯，當穿鞋椅使用",3499,3499,,,,1,0,"{'1': 'C044306', '2': 'C044302', '3': 'C044304', '4': 'C044307', '5': 'C044308', '6': 'C044303', '7': 'C044301', '8': 'C044314', '9': 'C044532', '10': 'C044313', '11': 'C044534', '12': 'C044305'}",ec
CCAA07-A61167801,DQCD3E,/items/CCAA07A61167801/000001_1648100509.jpg,/items/CCAA07A61167801/000001_1648100509.jpg,(好生活)雙門鞋櫃,"TZUMii雙門鞋櫃(2x3尺)\r\n．雙門設計磁鐵固定
．簡單都會風格易於搭配
．平台可放擺設品、鞋盒
．白色+原木色帶出迷人的簡約風采
．附四片活動層板
-----------------------
▼同系列共有原木色│胡桃木可選",599,599,,,,1,0,"['C047093', 'C047229', 'C047092', 'C047228', 'C047090', 'C047091', 'C047169', 'C047168']",ec
QFAA9R-A9008GH1A,DQCD3E,/items/QFAA9RA9008GH1A/000001_1698210857.jpg,/items/QFAA9RA9008GH1A/000001_1698210857.jpg,《阿瑞斯》日式簡約雙門鞋櫃-胡桃木,"《阿瑞斯》日式簡約雙門鞋櫃-胡桃木\r\n●日式簡約雙門設計
●五層大空間收納
●堅固耐用，附門隔絕灰塵
-----------------------
▼同系列共有原木色│胡桃木可選",599,599,,,,1,0,"['C047093', 'C047229', 'C047092', 'C047228', 'C047090', 'C047091', 'C047169', 'C047168']",ec
QFCB1D-A900AMTDT,DQCD2G,/items/QFCB1DA900AMTDT/000001_1588130350.jpg,/items/QFCB1DA900AMTDT/000001_1588130350.jpg,【HappyLife】楠竹三門帶抽屜鞋櫃 (YV9905),"【HappyLife】楠竹三門帶抽屜鞋櫃 (YV9905)\r\n加厚板材	大容量設計
緊密側板、背板設計
抽屜設計，方便收納小東西
層板可上下調節高度",3580,3580,,,,1,0,"['C044306', 'C044302', 'C044304', 'C044307', 'C044308', 'C044303', 'C047093', 'C047229', 'C047092', 'C047228', 'C047090', 'C047091', 'C044301', 'C044314', 'C044532', 'C044313', 'C044534', 'C044305', 'C047169', 'C047167', 'C047162', 'C047168']",ec
QFAA8K-A9008RLA3,DQCD29,/items/QFAA8KA9008RLA3/000001_1666774846.jpg,/items/QFAA8KA9008RLA3/000001_1666774846.jpg,ATHOME-日系簡約2.7尺白木紋二門二抽鞋櫃(80*33*95cm)維尼,"ATHOME-日系簡約2.7尺白木紋二門二抽鞋櫃(80*33*95cm)維尼\r\n◆高級mdf板材
◆細緻木質紋理
◆多重收納空間
‧專人送到府／免組裝
-----------------------
▼同系列共有
2.1尺掀式鞋櫃
2尺二門鞋櫃
2.7尺二門二抽鞋櫃
3.3尺二抽三門鞋櫃可選",3580,3580,,,,1,0,"['C044306', 'C044302', 'C044304', 'C044307', 'C044308', 'C044303', 'C044301', 'C044314', 'C044532', 'C044313', 'C044534', 'C044305']",ec
QFAAIN-A900A59KK,DQCD3P,/items/QFAAINA900A59KK/000001_1664502337.jpg,/items/QFAAINA900A59KK/000001_1664502337.jpg,Peachy Life 北歐多功能雙門鞋櫃/玄關櫃/百葉門鞋櫃(3色可選),"Peachy Life WOORI木 北歐多功能雙門鞋櫃/玄關櫃/百葉門鞋櫃(4色可選)\r\n透氣的百葉門設計
鞋子不再潮濕發霉
霧面感的金屬門把
可依需求調整層板
兩組還可上下堆疊",3580,3580,,,,1,0,"['C044306', 'C044302', 'C044304', 'C044307', 'C044308', 'C044303', 'C047093', 'C047229', 'C047092', 'C047228', 'C047090', 'C047091', 'C044301', 'C044314', 'C044532', 'C044313', 'C044534', 'C044305', 'C047169', 'C047167', 'C047162', 'C047168']",ec
